-- MariaDB dump 10.19  Distrib 10.6.11-MariaDB, for debian-linux-gnu (x86_64)
--
-- Host: localhost    Database: novatori
-- ------------------------------------------------------
-- Server version	10.6.11-MariaDB-0ubuntu0.22.10.1

/*!40101 SET @OLD_CHARACTER_SET_CLIENT=@@CHARACTER_SET_CLIENT */;
/*!40101 SET @OLD_CHARACTER_SET_RESULTS=@@CHARACTER_SET_RESULTS */;
/*!40101 SET @OLD_COLLATION_CONNECTION=@@COLLATION_CONNECTION */;
/*!40101 SET NAMES utf8mb4 */;
/*!40103 SET @OLD_TIME_ZONE=@@TIME_ZONE */;
/*!40103 SET TIME_ZONE='+00:00' */;
/*!40014 SET @OLD_UNIQUE_CHECKS=@@UNIQUE_CHECKS, UNIQUE_CHECKS=0 */;
/*!40014 SET @OLD_FOREIGN_KEY_CHECKS=@@FOREIGN_KEY_CHECKS, FOREIGN_KEY_CHECKS=0 */;
/*!40101 SET @OLD_SQL_MODE=@@SQL_MODE, SQL_MODE='NO_AUTO_VALUE_ON_ZERO' */;
/*!40111 SET @OLD_SQL_NOTES=@@SQL_NOTES, SQL_NOTES=0 */;

--
-- Table structure for table `comments`
--

DROP TABLE IF EXISTS `comments`;
/*!40101 SET @saved_cs_client     = @@character_set_client */;
/*!40101 SET character_set_client = utf8 */;
CREATE TABLE `comments` (
  `id` int(11) NOT NULL AUTO_INCREMENT,
  `message` text NOT NULL,
  `senderId` int(11) DEFAULT NULL,
  `topicId` int(11) DEFAULT NULL,
  `studentId` int(11) DEFAULT NULL,
  PRIMARY KEY (`id`),
  KEY `FK_459081081e3ff54f8e2eb472339` (`senderId`),
  KEY `FK_ecc0c371c8946046746a0658ab9` (`studentId`),
  KEY `FK_53700e514961e51a0bdf688ee71` (`topicId`),
  CONSTRAINT `FK_459081081e3ff54f8e2eb472339` FOREIGN KEY (`senderId`) REFERENCES `users` (`id`) ON DELETE NO ACTION ON UPDATE NO ACTION,
  CONSTRAINT `FK_53700e514961e51a0bdf688ee71` FOREIGN KEY (`topicId`) REFERENCES `topic` (`id`) ON DELETE NO ACTION ON UPDATE NO ACTION,
  CONSTRAINT `FK_ecc0c371c8946046746a0658ab9` FOREIGN KEY (`studentId`) REFERENCES `users` (`id`) ON DELETE NO ACTION ON UPDATE NO ACTION
) ENGINE=InnoDB AUTO_INCREMENT=219 DEFAULT CHARSET=utf8mb4 COLLATE=utf8mb4_general_ci;
/*!40101 SET character_set_client = @saved_cs_client */;

--
-- Dumping data for table `comments`
--

LOCK TABLES `comments` WRITE;
/*!40000 ALTER TABLE `comments` DISABLE KEYS */;
INSERT INTO `comments` VALUES (1,'....',133,19,133),(2,'рЃЏрЃўрЃерЃљ test 123',2,19,2),(3,'рЃАрЃљрЃџрЃљрЃЏрЃў, рЃЏрЃљрЃўрЃюрЃбрЃћрЃарЃћрЃАрЃћрЃЉрЃА рЃљрЃўрЃбрЃЋрЃўрЃарЃЌрЃљ рЃЌрЃБ рЃљрЃарЃљ рЃЊрЃљрЃЋрЃљрЃџрЃћрЃЉрЃљ, рЃцрЃљрЃўрЃџрЃћрЃЉрЃў рЃЏрЃћ рЃљрЃа рЃЏрЃўрЃЕрЃљрЃюрЃА :D',111,19,111),(4,'рЃАрЃљрЃџрЃљрЃЏрЃў рЃЏрЃўрЃерЃљ , рЃњрЃўрЃњрЃќрЃљрЃЋрЃюрЃў рЃерЃћрЃАрЃарЃБрЃџрЃћрЃЉрЃБрЃџ рЃЊрЃљрЃЋрЃљрЃџрЃћрЃЉрЃљрЃА , рЃЎрЃўрЃЌрЃ«рЃЋрЃћрЃЉрЃўрЃф рЃЌрЃљрЃЋрЃўрЃАрЃЌрЃљрЃЋрЃљрЃЊ рЃЏрЃљрЃЦрЃЋрЃА рЃЊрЃљ рЃљрЃЊрЃњрЃўрЃџрЃќрЃћ рЃњрЃљрЃЋрЃўрЃљрЃарЃЮрЃЌ рЃарЃЮрЃфрЃљ рЃерЃћрЃЋрЃ«рЃЋрЃЊрЃћрЃЉрЃўрЃЌ.',144,19,144),(5,'рЃАрЃљрЃџрЃљрЃЏрЃў рЃЏрЃўрЃерЃљ , рЃњрЃўрЃњрЃќрЃљрЃЋрЃюрЃў рЃерЃћрЃАрЃарЃБрЃџрЃћрЃЉрЃБрЃџ рЃЊрЃљрЃЋрЃљрЃџрЃћрЃЉрЃљрЃА , рЃЎрЃўрЃЌрЃ«рЃЋрЃћрЃЉрЃўрЃф рЃЌрЃљрЃЋрЃўрЃАрЃЌрЃљрЃЋрЃљрЃЊ рЃЏрЃљрЃЦрЃЋрЃА рЃЊрЃљ рЃљрЃЊрЃњрЃўрЃџрЃќрЃћ рЃњрЃљрЃЋрЃўрЃљрЃарЃЮрЃЌ рЃарЃЮрЃфрЃљ рЃерЃћрЃЋрЃ«рЃЋрЃЊрЃћрЃЉрЃўрЃЌ.',144,19,144),(6,'рЃЊрЃљрЃЋрЃљрЃџрЃћрЃЉрЃљ 3',118,19,118),(7,'рЃўрЃЏрЃћрЃЊрЃўрЃљ рЃАрЃгрЃЮрЃарЃљрЃЊ рЃњрЃљрЃЋрЃљрЃЎрЃћрЃЌрЃћ, рЃАрЃБрЃџрЃЏрЃЮрЃБрЃЌрЃЦрЃЏрЃћрЃюрЃџрЃљрЃЊ рЃЋрЃћрЃџрЃў Feedback_рЃА',108,19,108),(8,'рЃЉрЃљрЃбрЃЮрЃюрЃЮ рЃќрЃБрЃЎрЃўрЃЕ рЃЉрЃљрЃбрЃЮрЃюрЃў рЃЊрЃљрЃЋрЃўрЃЌрЃўрЃАрЃљрЃњрЃљрЃю рЃарЃЮрЃЏрЃћрЃџрЃАрЃљрЃф 15 рЃгрЃћрЃџрЃў рЃерЃћрЃБрЃАрЃарЃБрЃџрЃЊрЃљ рЃњрЃљрЃЏрЃЮрЃњрЃќрЃљрЃЋрЃюрЃўрЃџрЃўрЃљ рЃърЃљрЃ«рЃЏрЃћрЃџрЃўрЃљрЃќрЃћ',170,19,170),(9,'рЃЕрЃћрЃЏрЃў рЃЊрЃљрЃЋрЃљрЃџрЃћрЃЉрЃљ. рЃЏрЃћрЃДрЃљрЃюрЃгрЃўрЃерЃЋрЃўрЃџрЃў рЃЮрЃЏрЃЮ',129,19,129),(10,'рЃљрЃбрЃЋрЃўрЃарЃЌрЃБрЃџрЃўрЃљ рЃЊрЃљрЃЋрЃљрЃџрЃћрЃЉрЃљ ',163,10,163),(11,'рЃЏрЃБрЃАрЃўрЃЎрЃўрЃА рЃЏрЃЮрЃАрЃЏрЃћрЃюрЃљ рЃљрЃарЃЊрЃљрЃњрЃљрЃЋрЃўрЃгрЃДрЃЊрЃћрЃА рЃњрЃљрЃЊрЃљрЃ«рЃЋрЃўрЃћрЃћ рЃфрЃЮрЃбрЃљ рЃЏрЃљрЃњрЃарЃљрЃЊрЃерЃћрЃЊрЃўрЃА',127,19,127),(12,'рЃерЃћрЃАрЃгрЃЮрЃарЃћрЃЉрЃБрЃџрЃў',163,3,163),(13,'рЃЎрЃЮрЃЏрЃћрЃюрЃбрЃљрЃарЃўрЃА рЃњрЃљрЃгрЃћрЃарЃљ рЃљрЃЦ рЃЌрЃБ рЃерЃћрЃўрЃФрЃџрЃћрЃЉрЃЮрЃЊрЃљ рЃљрЃа рЃЋрЃўрЃфрЃЮрЃЊрЃў рЃЊрЃљ html-рЃцрЃљрЃўрЃџрЃерЃў рЃњрЃљрЃЋрЃгрЃћрЃарЃћ рЃЎрЃЮрЃЏрЃћрЃюрЃбрЃљрЃарЃћрЃЉрЃљрЃЊ рЃЕрЃћрЃЏрЃў рЃЎрЃўрЃЌрЃ«рЃЋрЃћрЃЉрЃў - рЃўрЃЦ рЃюрЃљрЃ«рЃљрЃЋрЃЌ. рЃЮрЃарЃўрЃфрЃљрЃџрЃўрЃљ :рЃЊ',148,19,148),(14,'рЃфрЃ«рЃарЃўрЃџрЃўрЃА рЃЊрЃљрЃЋрЃљрЃџрЃћрЃЉрЃљ (рЃЋрЃљрЃЕрЃћ рЃБрЃЕрЃљрЃЋрЃљ)',122,10,122),(17,'рЃЎрЃўрЃЊрЃћ рЃћрЃарЃЌрЃ«рЃћрЃџ рЃЉрЃЮрЃЊрЃўрЃерЃў рЃЊрЃљрЃњрЃЋрЃўрЃљрЃюрЃћрЃЉрЃўрЃАрЃЌрЃЋрЃўрЃА,рЃљрЃЏрЃ»рЃћрЃарЃљрЃЊ рЃЏрЃЮрЃЋрЃљрЃ«рЃћрЃарЃ«рЃћ рЃЊрЃљ рЃАрЃљрЃАрЃбрЃўрЃЎрЃљрЃЊ рЃњрЃљрЃЋрЃфрЃўрЃЋрЃЊрЃў рЃЊрЃљ рЃџрЃћрЃЦрЃфрЃўрЃћрЃЉрЃАрЃљрЃф рЃљрЃЏрЃўрЃбрЃЮрЃЏ рЃЋрЃћрЃа рЃЋрЃћрЃАрЃгрЃарЃћрЃЉрЃў рЃцрЃўрЃќрЃўрЃЎрЃБрЃарЃљрЃЊ',132,10,132),(18,':)))',132,10,132),(19,'рЃЉрЃљрЃбрЃЮрЃюрЃЮ рЃЊрЃљрЃЋрЃўрЃЌ, рЃЎрЃљрЃарЃњрЃў рЃЉрЃўрЃГрЃў рЃ«рЃљрЃа!',167,19,170),(20,'рЃюрЃўрЃЎрЃљ, \n2 рЃЊрЃћрЃбрЃљрЃџрЃў рЃЏрЃўрЃюрЃЊрЃљ рЃњрЃљрЃЋрЃўрЃљрЃарЃЮ, рЃћрЃарЃЌрЃў <html> рЃћрЃџрЃћрЃЏрЃћрЃюрЃбрЃерЃў рЃљрЃа рЃњрЃљрЃЦрЃЋрЃА рЃњрЃљрЃгрЃћрЃарЃўрЃџрЃў lang=\"ka\" рЃљрЃбрЃарЃўрЃЉрЃБрЃбрЃў.\nрЃЏрЃћрЃЮрЃарЃћ: рЃарЃЮрЃфрЃљ рЃЦрЃЏрЃюрЃў label рЃћрЃџрЃћрЃЏрЃћрЃюрЃбрЃА, рЃАрЃљрЃАрЃБрЃЋрЃћрЃџрЃўрЃљ рЃарЃЮрЃЏ рЃерЃўрЃњрЃюрЃўрЃЌ рЃарЃљрЃўрЃЏрЃћ рЃбрЃћрЃЦрЃАрЃбрЃў рЃЕрЃљрЃгрЃћрЃарЃЮ рЃарЃЮрЃЏ рЃ░рЃЦрЃЮрЃюрЃЊрЃћрЃА рЃЋрЃўрЃќрЃБрЃљрЃџрЃў.\n\nрЃЊрЃљрЃюрЃљрЃарЃЕрЃћрЃюрЃў рЃДрЃЋрЃћрЃџрЃљрЃцрЃћрЃарЃў рЃАрЃгрЃЮрЃарЃўрЃљ, рЃАрЃљрЃдрЃЮрЃџ',167,19,108),(21,'рЃюрЃўрЃЎрЃљ, \nрЃЎрЃљрЃарЃњрЃў рЃюрЃљрЃЏрЃБрЃерЃћрЃЋрЃљрЃарЃўрЃљ рЃБрЃЉрЃарЃљрЃџрЃЮрЃЊ рЃарЃљрЃЏрЃЊрЃћрЃюрЃўрЃЏрЃћ рЃърЃБрЃюрЃЦрЃбрЃў рЃљрЃа рЃњрЃљрЃЦрЃЋрЃА рЃерЃћрЃАрЃарЃБрЃџрЃћрЃЉрЃБрЃџрЃў:\n1. рЃАрЃљрЃЌрЃљрЃБрЃарЃћрЃЉрЃў рЃљрЃа рЃљрЃарЃўрЃА рЃњрЃЋрЃћрЃарЃЊрЃћрЃЉрЃќрЃћ (h1)\n2. icon рЃљрЃа рЃњрЃљрЃЦрЃЋрЃА рЃЏрЃўрЃЏрЃљрЃњрЃарЃћрЃЉрЃБрЃџрЃў рЃДрЃЋрЃћрЃџрЃљ рЃњрЃЋрЃћрЃарЃЊрЃќрЃћ\n3. рЃќрЃЮрЃњ рЃАрЃБрЃарЃљрЃЌрЃерЃў рЃљрЃа рЃњрЃљрЃЦрЃЋрЃА рЃњрЃљрЃюрЃАрЃљрЃќрЃдрЃЋрЃарЃБрЃџрЃў рЃљрЃџрЃб рЃљрЃбрЃарЃўрЃЉрЃБрЃбрЃў.\nрЃЊрЃљрЃюрЃљрЃарЃЕрЃћрЃюрЃў рЃДрЃЋрЃћрЃџрЃљрЃцрЃћрЃарЃў рЃАрЃгрЃЮрЃарЃўрЃљ',167,8,111),(22,'рЃюрЃўрЃЎрЃљ, рЃЎрЃљрЃарЃњрЃў рЃюрЃљрЃЏрЃБрЃерЃћрЃЋрЃљрЃарЃўрЃљ рЃЏрЃљрЃњрЃарЃљрЃЏ CSS рЃљрЃа рЃњрЃљрЃЦрЃЋрЃА рЃАрЃгрЃЮрЃарЃљрЃЊ рЃњрЃљрЃюрЃЌрЃљрЃЋрЃАрЃћрЃЉрЃБрЃџрЃў. рЃЏрЃљрЃАрЃћ рЃЌрЃБ рЃерЃћрЃЏрЃЮрЃўрЃбрЃљрЃю, рЃБрЃюрЃЊрЃљ рЃЕрЃљрЃАрЃЋрЃљ head рЃћрЃџрЃћрЃЏрЃћрЃюрЃбрЃерЃў. рЃАрЃ«рЃЋрЃљ рЃДрЃЋрЃћрЃџрЃљрЃцрЃћрЃарЃў рЃАрЃгрЃЮрЃарЃўрЃљ',167,10,111),(23,'рЃЎрЃљрЃў рЃ«рЃљрЃа! рЃАрЃгрЃЮрЃарЃўрЃљ рЃДрЃЋрЃћрЃџрЃљрЃцрЃћрЃарЃў',167,19,111),(24,'рЃљрЃўрЃбрЃЋрЃўрЃарЃЌрЃљ рЃЎрЃў',167,19,111),(25,'рЃџрЃБрЃЎрЃљ, рЃерЃћрЃюрЃў рЃЊрЃљрЃЋрЃљрЃџрЃћрЃЉрЃљ рЃљрЃа рЃљрЃарЃўрЃА рЃЊрЃљрЃАрЃарЃБрЃџрЃћрЃЉрЃБрЃџрЃў, рЃљрЃЎрЃџрЃўрЃљ рЃарЃљрЃЏрЃЊрЃћрЃюрЃўрЃЏрЃћ рЃфрЃ«рЃарЃўрЃџрЃўрЃА рЃћрЃџрЃћрЃЏрЃћрЃюрЃбрЃў.',167,10,112),(26,'рЃЊрЃљрЃЋрЃўрЃЌ,\n\nрЃЏрЃЌрЃљрЃЋрЃљрЃа рЃњрЃЋрЃћрЃарЃЊрЃќрЃћ\n1.  img рЃћрЃџрЃћрЃЏрЃћрЃюрЃбрЃерЃў рЃљрЃџрЃб рЃљрЃбрЃарЃўрЃЉрЃБрЃбрЃў рЃљрЃа рЃњрЃљрЃЦрЃЋрЃА,\n2. рЃљрЃАрЃћрЃЋрЃћ lang=\"ka\" рЃљрЃа рЃњрЃљрЃЦрЃЋрЃА html рЃўрЃА рЃљрЃбрЃарЃўрЃЉрЃБрЃбрЃљрЃЊ\n\n рЃАрЃ«рЃЋрЃљ рЃњрЃЋрЃћрЃарЃЊрЃћрЃЉрЃќрЃћ: \n1. рЃљрЃа рЃњрЃљрЃЦрЃЋрЃА рЃЊрЃљрЃ«рЃБрЃарЃБрЃџрЃў html рЃћрЃџрЃћрЃЏрЃћрЃюрЃбрЃў\n2. <ul> рЃћрЃџрЃћрЃЏрЃћрЃюрЃбрЃА рЃерЃўрЃњрЃюрЃўрЃЌ рЃљрЃБрЃфрЃўрЃџрЃћрЃЉрЃџрЃљрЃЊ рЃБрЃюрЃЊрЃљ рЃЏрЃЮрЃљрЃДрЃЮрЃџрЃЮ <li> рЃћрЃџрЃћрЃЏрЃћрЃюрЃбрЃў, рЃАрЃ«рЃЋрЃљ рЃћрЃџрЃћрЃЏрЃћрЃюрЃбрЃўрЃА рЃърЃўрЃарЃЊрЃљрЃърЃўрЃа рЃЏрЃўрЃЌрЃўрЃЌрЃћрЃЉрЃљ рЃљрЃарЃљрЃАрЃгрЃЮрЃарЃўрЃљ.\nрЃАрЃгрЃЮрЃарЃў рЃўрЃЦрЃюрЃћрЃЉрЃЮрЃЊрЃљ: <ul> <li> <a> рЃўрЃћрЃарЃљрЃарЃЦрЃўрЃљ.\n3. Pages/Courses/REACTFRONDEND/REACTFRONTEND.html рЃљрЃЏ рЃњрЃЋрЃћрЃарЃЊрЃќрЃћ <p> рЃћрЃџрЃћрЃЏрЃћрЃюрЃбрЃў рЃљрЃа рЃњрЃљрЃЦрЃЋрЃА рЃЊрЃљрЃ«рЃБрЃарЃБрЃџрЃў;\n\n\n',167,8,114),(27,'рЃарЃљ рЃЎрЃўрЃЌрЃ«рЃЋрЃћрЃЉрЃўрЃф рЃЏрЃЦрЃЮрЃюрЃЊрЃљ рЃЏрЃўрЃЋрЃ«рЃЋрЃЊрЃў рЃарЃЮрЃњрЃЮрЃарЃф рЃ«рЃЊрЃћрЃЉрЃљ :рЃЊ рЃЌрЃЦрЃЋрЃћрЃюрЃА рЃАрЃћрЃарЃЋрЃћрЃарЃќрЃћрЃљ рЃЉрЃћрЃЦрЃерЃў рЃўрЃАрЃћ рЃњрЃљрЃЎрЃћрЃЌрЃћрЃЉрЃБрЃџрЃў рЃарЃЮрЃЏ first, operation рЃЊрЃљ secont рЃюрЃћрЃўрЃЏрЃћрЃЉрЃўрЃЌ рЃ«рЃЋрЃЊрЃћрЃЉрЃљ рЃарЃљрЃф рЃБрЃюрЃЊрЃљ рЃњрЃљрЃљрЃЎрЃћрЃЌрЃЮрЃА рЃЌрЃљрЃЋрЃўрЃАрЃўрЃЌ. рЃ«рЃЮрЃЮ?',148,19,148),(28,'рЃЎрЃљрЃарЃњрЃўрЃљ рЃЊрЃљрЃЋрЃўрЃЌ, html-рЃерЃў рЃњрЃљрЃгрЃћрЃарЃћ lang=\"ka\" рЃљрЃбрЃарЃўрЃЉрЃБрЃбрЃў',167,10,114),(29,'рЃЎрЃљрЃарЃњрЃўрЃљ!',167,19,114),(30,'рЃџрЃБрЃЎрЃљ:\n1. <html la=\"ka\"> рЃљрЃарЃљрЃАрЃгрЃЮрЃарЃљрЃЊ рЃњрЃљрЃЦрЃЋрЃА.\n2. рЃАрЃљрЃЌрЃљрЃБрЃарЃў рЃЊрЃљрЃўрЃгрЃћ рЃДрЃЮрЃЋрЃћрЃџрЃЌрЃЋрЃўрЃА h1 рЃўрЃЌ рЃЊрЃљ рЃљрЃарЃљ h2 рЃўрЃЌ\n3. <meta charset=\"UTF-8\"> рЃћрЃџрЃћрЃЏрЃћрЃюрЃбрЃў рЃБрЃюрЃЊрЃљ рЃўрЃДрЃЮрЃА рЃљрЃБрЃфрЃўрЃџрЃћрЃЉрЃџрЃљрЃЊ <head> рЃћрЃџрЃћрЃЏрЃћрЃюрЃбрЃерЃў рЃЊрЃљ рЃљрЃарЃљ body-рЃерЃў\nhttps://students.novatori.ge/рЃџрЃБрЃЎрЃљ_рЃЏрЃћрЃарЃљрЃЉрЃўрЃерЃЋрЃўрЃџрЃў/9/pages/courses/courses.html\n4. рЃюрЃљрЃЋрЃўрЃњрЃљрЃфрЃўрЃљ рЃњрЃЋрЃћрЃарЃЊрЃћрЃЉрЃА рЃерЃЮрЃарЃўрЃА рЃБрЃюрЃЊрЃљ рЃњрЃљрЃњрЃћрЃЎрЃћрЃЌрЃћрЃЉрЃўрЃюрЃљ <ul> рЃћрЃџрЃћрЃЏрЃћрЃюрЃбрЃерЃў рЃњрЃљрЃюрЃџрЃљрЃњрЃћрЃЉрЃБрЃџрЃў <li> рЃЊрЃљ рЃерЃўрЃњрЃюрЃўрЃЌ > <a> рЃћрЃџрЃћрЃЏрЃћрЃюрЃбрЃћрЃЉрЃўрЃЌ\n5. рЃЎрЃБрЃарЃАрЃўрЃА рЃЦрЃЋрЃћ-рЃњрЃЋрЃћрЃарЃЊрЃћрЃЉрЃў рЃБрЃюрЃЊрЃљ рЃўрЃДрЃЋрЃюрЃћрЃю рЃЊрЃљрЃЎрЃљрЃЋрЃерЃўрЃарЃћрЃЉрЃБрЃџрЃў рЃћрЃарЃЌрЃЏрЃљрЃюрЃћрЃЌрЃЌрЃљрЃю рЃЊрЃљ рЃ░рЃЦрЃЮрЃюрЃЊрЃћрЃЌ рЃАрЃљрЃЌрЃљрЃБрЃарЃћрЃЉрЃў\n\nрЃЊрЃљрЃюрЃљрЃарЃЕрЃћрЃюрЃў рЃАрЃгрЃЮрЃарЃўрЃљ ',167,9,118),(31,'рЃ░рЃЮ рЃЊрЃљ рЃЏрЃЌрЃљрЃЋрЃљрЃа рЃњрЃЋрЃћрЃарЃЊрЃќрЃћ рЃцрЃљрЃўрЃџрЃў рЃљрЃа рЃљрЃарЃўрЃА рЃЏрЃўрЃЏрЃљрЃњрЃарЃћрЃЉрЃБрЃџрЃў',167,9,118),(32,'рЃАрЃгрЃЮрЃарЃўрЃљ рЃДрЃЋрЃћрЃџрЃљрЃцрЃћрЃарЃў рЃњрЃљрЃарЃЊрЃљ рЃЮрЃарЃў рЃарЃљрЃЏрЃўрЃАрЃљ:\n1. <Th rowspan=\"6\">L <br> U <br> N <br> C <br> H\n</Th> <<< рЃњрЃљрЃЦрЃЋрЃА рЃЊрЃўрЃЊрЃў рЃљрЃАрЃЮрЃЌрЃў рЃњрЃљрЃ«рЃАрЃюрЃўрЃџрЃў\n2. html-рЃА lang рЃљрЃбрЃарЃўрЃЉрЃБрЃбрЃў рЃљрЃарЃљрЃАрЃгрЃЮрЃарЃљрЃЊ рЃљрЃЦрЃЋрЃА рЃњрЃљрЃюрЃАрЃљрЃќрЃдрЃЋрЃарЃБрЃџрЃў',167,10,118),(33,'рЃАрЃгрЃЮрЃарЃўрЃљ рЃњрЃљрЃарЃЊрЃљ html рЃљрЃбрЃарЃўрЃЉрЃБрЃбрЃўрЃАрЃљ. рЃЎрЃљрЃў рЃ«рЃљрЃа',167,19,118),(34,'рЃћрЃџрЃћрЃюрЃћ, html рЃърЃўрЃарЃЋрЃћрЃџрЃў рЃ«рЃљрЃќрЃерЃў рЃљрЃарЃљрЃАрЃгрЃЮрЃарЃљрЃЊ рЃњрЃљрЃЦрЃЋрЃА рЃњрЃљрЃ«рЃАрЃюрЃўрЃџрЃў,\nрЃ»рЃћрЃа doctype,\nрЃЏрЃћрЃарЃћ html\nрЃЏрЃћрЃарЃћ head\nрЃЏрЃћрЃарЃћ  body\n\nрЃЊрЃљрЃюрЃљрЃарЃЕрЃћрЃюрЃў рЃАрЃгрЃЮрЃарЃўрЃљ рЃДрЃЋрЃћрЃџрЃљрЃцрЃћрЃарЃў, рЃДрЃЮрЃЕрЃљрЃд',167,19,119),(35,'рЃЋрЃљрЃ«рЃбрЃљрЃюрЃњ, doctype рЃљрЃа рЃњрЃљрЃЦрЃЋрЃА рЃњрЃљрЃюрЃАрЃљрЃќрЃдрЃЋрЃарЃБрЃџрЃў, \n<html> рЃћрЃџрЃћрЃЏрЃћрЃюрЃбрЃерЃў рЃљрЃа рЃњрЃљрЃЦрЃЋрЃА рЃњрЃљрЃгрЃћрЃарЃўрЃџрЃў lang=\"ka\" рЃљрЃбрЃарЃўрЃЉрЃБрЃбрЃў,\nрЃџрЃўрЃюрЃЎрЃћрЃЉрЃў рЃБрЃюрЃЊрЃљ рЃњрЃљрЃњрЃћрЃгрЃћрЃарЃљ ul рЃџрЃўрЃАрЃбрЃўрЃА рЃАрЃљрЃерЃБрЃљрЃџрЃћрЃЉрЃўрЃЌ,\nрЃцрЃљрЃўрЃџрЃћрЃЉрЃўрЃА рЃАрЃбрЃарЃБрЃЦрЃбрЃБрЃарЃљ рЃљрЃа рЃљрЃарЃўрЃА рЃЊрЃљрЃфрЃБрЃџрЃў, рЃљрЃа рЃњрЃљрЃЦрЃЋрЃА рЃЎрЃБрЃарЃАрЃћрЃЉрЃўрЃА рЃњрЃЋрЃћрЃарЃЊрЃў рЃЊрЃљ рЃљрЃарЃф рЃЦрЃЋрЃћ-рЃЎрЃБрЃарЃАрЃћрЃЉрЃўрЃА рЃњрЃЋрЃћрЃарЃЊрЃў.\n\n',167,8,121),(36,'рЃЎрЃљрЃарЃњрЃў рЃюрЃљрЃЏрЃБрЃерЃћрЃЋрЃљрЃарЃўрЃљ, рЃћрЃарЃЌрЃљрЃЊрЃћрЃарЃЌрЃў thead рЃЌрЃБ рЃњрЃљрЃ«рЃАрЃћрЃюрЃў, tbody-рЃўрЃф рЃЏрЃўрЃљрЃДрЃЮрЃџрЃћ рЃ«рЃЮрЃџрЃЏрЃћ',167,10,121),(37,'рЃЋрЃљрЃ«рЃбрЃљрЃюрЃњ, рЃДрЃЋрЃћрЃџрЃљрЃцрЃћрЃарЃў рЃАрЃгрЃЮрЃарЃўрЃљ рЃњрЃљрЃарЃЊрЃљ html рЃћрЃџрЃћрЃЏрЃћрЃюрЃбрЃўрЃА рЃљрЃбрЃарЃўрЃЉрЃБрЃбрЃўрЃА рЃљрЃарЃЦрЃЮрЃюрЃўрЃАрЃљ',167,19,121),(38,'рЃЋрЃљрЃЕрЃћ, рЃљрЃарЃљрЃАрЃгрЃЮрЃарЃљрЃЊ рЃњрЃљрЃЦрЃЋрЃА рЃцрЃљрЃўрЃџрЃў рЃљрЃбрЃЋрЃўрЃарЃЌрЃБрЃџрЃў. рЃЊрЃљрЃЉрЃЮрЃџрЃЮрЃћрЃЉрЃљ рЃњрЃљрЃЦрЃЋрЃА рЃњрЃљрЃЏрЃЮрЃбрЃЮрЃЋрЃћрЃЉрЃБрЃџрЃў рЃЊрЃљ рЃљрЃа рЃбрЃЋрЃўрЃарЃЌрЃљрЃЋрЃА рЃАрЃгрЃЮрЃарЃљрЃЊ. (.html рЃЏрЃўрЃБрЃгрЃћрЃарЃћ)',167,10,122),(39,'рЃњрЃўрЃЮрЃарЃњрЃў рЃЎрЃљрЃарЃњрЃўрЃљ рЃДрЃЋрЃћрЃџрЃљрЃцрЃћрЃарЃў. html lang=\"ka\" рЃљрЃбрЃарЃўрЃЉрЃБрЃбрЃўрЃА рЃњрЃљрЃгрЃћрЃарЃљ рЃљрЃа рЃЊрЃљрЃњрЃљрЃЋрЃўрЃгрЃДрЃЊрЃћрЃА рЃ«рЃЮрЃџрЃЏрЃћ рЃарЃљ. рЃЎрЃљрЃарЃњрЃў рЃюрЃљрЃЏрЃБрЃерЃћрЃЋрЃљрЃарЃўрЃљ',167,10,123),(40,'рЃЎрЃљрЃарЃњрЃў рЃюрЃљрЃЏрЃБрЃерЃћрЃЋрЃљрЃарЃўрЃљ. \nрЃћрЃарЃЌрЃљрЃЊрЃћрЃарЃЌрЃў <html> рЃћрЃџрЃћрЃЏрЃћрЃюрЃбрЃерЃў рЃљрЃа рЃњрЃљрЃЦрЃЋрЃА рЃњрЃљрЃгрЃћрЃарЃўрЃџрЃў lang=\"ka\" рЃљрЃбрЃарЃўрЃЉрЃБрЃбрЃў',167,19,124),(41,'рЃџрЃћрЃЋрЃљрЃю :рЃЊрЃЊрЃЊ рЃДрЃЋрЃћрЃџрЃљрЃцрЃћрЃарЃў рЃАрЃгрЃЮрЃарЃўрЃљ, рЃДрЃЮрЃЕрЃљрЃд. рЃБрЃЉрЃарЃљрЃџрЃЮрЃЊ рЃЏрЃБрЃАрЃўрЃЎрЃљрЃА рЃЋрЃћрЃа рЃЏрЃЮрЃЋрЃБрЃАрЃЏрЃўрЃюрЃћ рЃљрЃа рЃўрЃДрЃЮ рЃџрЃўрЃюрЃЎрЃў рЃАрЃгрЃЮрЃарЃљрЃЊ рЃњрЃљрЃгрЃћрЃарЃўрЃџрЃў, рЃљрЃю рЃцрЃљрЃўрЃџрЃў рЃљрЃа рЃњрЃљрЃЦрЃЋрЃА рЃљрЃбрЃЋрЃўрЃарЃЌрЃБрЃџрЃў. рЃцрЃЮрЃарЃЏрЃљ рЃБрЃерЃћрЃфрЃЊрЃЮрЃЏрЃЮрЃљ',167,19,127),(42,'рЃЉрЃљрЃбрЃЮрЃюрЃЮ рЃЏрЃўрЃ«рЃћрЃўрЃџ рЃќрЃБрЃЎрЃўрЃЕрЃљ рЃљрЃЏрЃЮрЃгрЃЏрЃћрЃЉрЃА рЃЏрЃљрЃарЃљ рЃЏрЃљрЃўрЃюрЃф рЃЌрЃЦрЃЋрЃюрЃћрЃЏрЃљ рЃЦрЃБрЃўрЃќрЃЏрЃљ рЃЋрЃћрЃа рЃЊрЃљрЃЏрЃљрЃЏрЃљрЃарЃфрЃ«рЃљ рЃарЃљрЃЏрЃћ рЃљрЃ«рЃљрЃџрЃў рЃњрЃљрЃЏрЃЮрЃгрЃЋрЃћрЃЋрЃљ рЃњрЃљрЃЏрЃЮрЃБрЃерЃЋрЃўрЃЌ ',170,20,170),(43,'рЃЮрЃЏрЃЮ, рЃЎрЃљрЃарЃњрЃў рЃ«рЃљрЃа! рЃАрЃгрЃЮрЃарЃўрЃљ рЃДрЃЋрЃћрЃџрЃљрЃцрЃћрЃарЃў. placeholder--рЃўрЃф рЃарЃЮ рЃњрЃљрЃгрЃћрЃарЃћ рЃЎрЃљрЃарЃњрЃў рЃюрЃљрЃЏрЃБрЃерЃћрЃЋрЃљрЃарЃўрЃљ.\n рЃћрЃарЃЌрЃљрЃЊрЃћрЃарЃЌрЃў <html> рЃћрЃџрЃћрЃЏрЃћрЃюрЃбрЃерЃў рЃљрЃа рЃњрЃљрЃЦрЃЋрЃА рЃњрЃљрЃгрЃћрЃарЃўрЃџрЃў lang=\"ka\" рЃљрЃбрЃарЃўрЃЉрЃБрЃбрЃў',167,19,129),(44,'рЃљрЃа рЃљрЃарЃўрЃА рЃърЃарЃЮрЃЉрЃџрЃћрЃЏрЃљ рЃърЃљрЃърЃБрЃюрЃљ <3 рЃЏрЃЌрЃљрЃЋрЃљрЃарЃўрЃљ рЃњрЃљрЃљрЃЎрЃћрЃЌрЃћ. \n<html lang=\"En\"> рЃљрЃарЃљ, рЃърЃљрЃбрЃљрЃарЃљ рЃљрЃАрЃЮрЃЌрЃў рЃБрЃюрЃЊрЃљ en рЃўрЃА рЃњрЃљрЃгрЃћрЃарЃљ.\nрЃЎрЃљрЃарЃњрЃў рЃюрЃљрЃЏрЃБрЃерЃћрЃЋрЃљрЃарЃўрЃљ, рЃерЃћрЃфрЃЊрЃЮрЃЏрЃљ рЃЋрЃћрЃа рЃЋрЃўрЃърЃЮрЃЋрЃћ',167,10,132),(45,'рЃЮрЃЏрЃљрЃа, рЃЊрЃљрЃЋрЃљрЃџрЃћрЃЉрЃўрЃА рЃцрЃљрЃўрЃџрЃў рЃљрЃарЃљрЃАрЃгрЃЮрЃарЃљрЃЊ рЃљрЃарЃўрЃА рЃљрЃбрЃЋрЃўрЃарЃЌрЃБрЃџрЃў, рЃЊрЃљрЃЉрЃЮрЃџрЃЮрЃћрЃЉрЃљ рЃљрЃа рЃњрЃљрЃЦрЃЋрЃА рЃњрЃљрЃгрЃћрЃарЃўрЃџрЃў рЃцрЃљрЃўрЃџрЃќрЃћ. (.html рЃЏрЃўрЃљрЃгрЃћрЃарЃћ рЃЉрЃЮрЃџрЃЮрЃерЃў) ',167,19,133),(46,'рЃЌрЃћрЃюрЃњрЃўрЃќ, \n1. рЃюрЃљрЃЋрЃўрЃњрЃљрЃфрЃўрЃљ рЃБрЃюрЃЊрЃљ рЃњрЃљрЃњрЃћрЃгрЃћрЃарЃљ <ul> <li> <a> рЃърЃарЃўрЃюрЃфрЃўрЃърЃўрЃЌ, рЃљрЃюрЃБ рЃ»рЃћрЃа рЃњрЃљрЃњрЃћрЃ«рЃАрЃюрЃљ рЃБрЃюрЃЮрЃЏрЃарЃЮ рЃАрЃўрЃљ, рЃерЃћрЃЏрЃЊрЃћрЃњ рЃЏрЃўрЃАрЃў рЃџрЃў-рЃћрЃџрЃћрЃЏрЃћрЃюрЃбрЃў рЃЊрЃљ рЃљрЃЏ рЃћрЃџрЃћрЃЏрЃћрЃюрЃбрЃерЃў рЃњрЃљрЃњрЃћрЃгрЃћрЃарЃљ рЃџрЃўрЃюрЃЎрЃћрЃЉрЃў.\n2. рЃАрЃ«рЃЋрЃљ рЃњрЃЋрЃћрЃарЃЊрЃќрЃћ рЃњрЃљрЃЦрЃЋрЃА, рЃАрЃгрЃЮрЃарЃљрЃЊ рЃЏрЃљрЃњрЃарЃљрЃЏ рЃўрЃЦ <html> рЃћрЃџрЃћрЃЏрЃћрЃюрЃбрЃерЃў рЃљрЃа рЃњрЃљрЃЦрЃЋрЃА рЃњрЃљрЃгрЃћрЃарЃўрЃџрЃў lang=\"ka\" рЃљрЃбрЃарЃўрЃЉрЃБрЃбрЃў\n3. рЃЎрЃБрЃарЃАрЃћрЃЉрЃўрЃА рЃњрЃЋрЃћрЃарЃЊрЃћрЃЉрЃў рЃљрЃа рЃљрЃарЃўрЃљрЃю рЃћрЃарЃЌрЃЏрЃљрЃюрЃћрЃЌрЃЌрЃљрЃю рЃЊрЃљрЃЎрЃљрЃЋрЃерЃўрЃарЃћрЃЉрЃБрЃџрЃў.\n\nрЃАрЃ«рЃЋрЃљ рЃДрЃЋрЃћрЃџрЃљрЃцрЃћрЃарЃў рЃАрЃгрЃЮрЃарЃўрЃљ, рЃДрЃЮрЃЕрЃљрЃд',167,19,134),(47,'рЃарЃћрЃЋрЃљрЃќ, рЃАрЃгрЃЮрЃарЃўрЃљ рЃДрЃЋрЃћрЃџрЃљрЃцрЃћрЃарЃў, рЃЎрЃљрЃў рЃ«рЃљрЃа',167,8,138),(48,'рЃљрЃЦрЃљрЃф рЃДрЃЋрЃћрЃџрЃљрЃцрЃћрЃарЃў рЃАрЃгрЃЮрЃарЃўрЃљ, рЃДрЃЮрЃЕрЃљрЃд',167,10,138),(49,'рЃЏрЃљрЃЊрЃџрЃЮрЃЉрЃљ <3',111,19,111),(50,'рЃАрЃгрЃЮрЃарЃўрЃљ рЃДрЃЋрЃћрЃџрЃљрЃцрЃћрЃарЃў',167,19,138),(51,'рЃЉрЃћрЃЦрЃљ, рЃАрЃгрЃЮрЃарЃўрЃљ рЃДрЃЋрЃћрЃџрЃљрЃцрЃћрЃарЃў. рЃћрЃарЃЌрЃљрЃЊрЃћрЃарЃЌрЃў label-рЃА рЃарЃЮ рЃерЃћрЃЦрЃЏрЃюрЃў, рЃерЃўрЃњрЃюрЃўрЃЌ рЃарЃљрЃЏрЃћ рЃбрЃћрЃЦрЃАрЃбрЃў рЃЕрЃљрЃгрЃћрЃарЃћ рЃ«рЃЮрЃџрЃЏрЃћ рЃарЃЮ рЃЋрЃўрЃќрЃБрЃљрЃџрЃБрЃарЃљрЃЊрЃљрЃф рЃЕрЃљрЃюрЃЊрЃћрЃА.\n\nрЃарЃљрЃф рЃерЃћрЃћрЃ«рЃћрЃЉрЃљ рЃфрЃ«рЃарЃўрЃџрЃћрЃЉрЃА, рЃћрЃА рЃцрЃљрЃўрЃџрЃў рЃфрЃ«рЃарЃўрЃџрЃћрЃЉрЃўрЃА рЃерЃћрЃ«рЃЋрЃћрЃЊрЃарЃљрЃќрЃћ рЃБрЃюрЃЊрЃљ рЃљрЃњрЃћрЃбрЃЋрЃўрЃарЃЌрЃљ. \nрЃерЃћрЃфрЃЊрЃЮрЃЏрЃљ рЃЋрЃюрЃљрЃ«рЃћ head рЃљрЃБрЃфрЃўрЃџрЃћрЃЉрЃћрЃџрЃў рЃћрЃџрЃћрЃЏрЃћрЃюрЃбрЃўрЃљ рЃЊрЃљ рЃљрЃа рЃњрЃљрЃЦрЃЋрЃА, thead рЃЋрЃћрЃа рЃЕрЃљрЃљрЃюрЃљрЃфрЃЋрЃџрЃћрЃЉрЃА, рЃћрЃњ рЃЕрЃЋрЃћрЃБрЃџрЃћрЃЉрЃарЃўрЃЋрЃљрЃЊ body рЃћрЃџрЃћрЃЏрЃћрЃюрЃбрЃерЃў рЃБрЃюрЃЊрЃљ \nрЃЕрЃљрЃАрЃЋрЃљ. рЃЊрЃљрЃюрЃљрЃарЃЕрЃћрЃюрЃў рЃАрЃгрЃЮрЃарЃўрЃљ',167,19,140),(52,'рЃЎрЃљрЃарЃњрЃўрЃљ, рЃБрЃЉрЃарЃљрЃџрЃЮрЃЊ рЃарЃљрЃЏрЃЊрЃћрЃюрЃўрЃЏрЃћ рЃерЃћрЃюрЃўрЃерЃЋрЃюрЃљ рЃЏрЃљрЃЦрЃЋрЃА: 1. рЃАрЃћрЃџрЃћрЃЦрЃбрЃЏрЃљ рЃарЃљ рЃЊрЃљрЃњрЃўрЃерЃљрЃЋрЃљ, рЃЊрЃљрЃюрЃљрЃарЃЕрЃћрЃю 2-рЃА рЃЌрЃБ рЃЏрЃўрЃћрЃфрЃў рЃџрЃћрЃўрЃЉрЃџрЃў. 2. рЃљрЃерЃЎрЃљрЃарЃљрЃЊ рЃ«рЃћрЃџрЃўрЃЌ рЃљрЃа рЃЊрЃљрЃњрЃўрЃгрЃћрЃарЃўрЃљ HTML-рЃўрЃА рЃАрЃбрЃарЃБрЃЦрЃбрЃБрЃарЃљ, VSCode-рЃА рЃЊрЃљрЃљрЃњрЃћрЃюрЃћрЃарЃўрЃарЃћрЃЉрЃўрЃюрЃћ рЃЊрЃљ рЃљрЃа рЃљрЃарЃўрЃА рЃћрЃњ рЃАрЃгрЃЮрЃарЃў :D рЃ«рЃћрЃџрЃўрЃЌ рЃерЃћрЃћрЃЕрЃЋрЃўрЃћ рЃгрЃћрЃарЃљрЃА, рЃ»рЃЮрЃЉрЃўрЃљ.',2,19,123),(53,'рЃЊрЃљрЃЕрЃў, рЃДрЃЮрЃЕрЃљрЃд рЃЏрЃљрЃарЃљ рЃарЃљ рЃерЃБрЃљрЃерЃўрЃљ рЃћрЃА? :))) рЃЊрЃљрЃЋрЃљрЃџрЃћрЃЉрЃљ рЃАрЃ«рЃЋрЃљ рЃарЃљрЃЏрЃћ рЃўрЃДрЃЮ. рЃЏрЃћрЃЮрЃарЃћ рЃЎрЃљрЃџрЃЎрЃБрЃџрЃљрЃбрЃЮрЃарЃўрЃА рЃЊрЃЮрЃЎрЃБрЃЏрЃћрЃюрЃбрЃў рЃЎрЃўрЃЊрЃћ рЃфрЃљрЃарЃўрЃћрЃџрЃўрЃљ, рЃЊрЃљрЃЋрЃљрЃџрЃћрЃЉрЃљ рЃЊрЃљрЃгрЃћрЃарЃЮ рЃ»рЃЮрЃЉрЃўрЃљ рЃАрЃ«рЃЋрЃљ рЃарЃљрЃЏрЃћрЃћрЃЉрЃўрЃА рЃЎрЃћрЃЌрЃћрЃЉрЃљрЃА :D',2,19,125),(54,'рЃюрЃўрЃюрЃў path-рЃћрЃЉрЃў рЃњрЃљрЃЦрЃЋрЃА рЃљрЃарЃљрЃАрЃгрЃЮрЃарЃљрЃЊ рЃњрЃљрЃЎрЃћрЃЌрЃћрЃЉрЃБрЃџрЃў, website рЃцрЃЮрЃџрЃЊрЃћрЃарЃў рЃњрЃљрЃЦрЃЋрЃА рЃюрЃљрЃ«рЃАрЃћрЃюрЃћрЃЉрЃў, рЃарЃљрЃф рЃАрЃћрЃарЃЋрЃћрЃарЃќрЃћ рЃљрЃбрЃЋрЃўрЃарЃЌрЃЋрЃўрЃА рЃерЃћрЃЏрЃЊрЃћрЃњ рЃарЃљ рЃЌрЃЦрЃЏрЃљ рЃБрЃюрЃЊрЃљ рЃљрЃдрЃљрЃа рЃљрЃарЃАрЃћрЃЉрЃЮрЃЉрЃА. рЃърЃџрЃБрЃА рЃЎрЃўрЃЊрЃћрЃЋ, рЃЋрЃћрЃЉрЃАрЃљрЃўрЃб рЃцрЃЮрЃџрЃЊрЃћрЃарЃљрЃЏрЃЊрЃћ ../ рЃўрЃюрЃАрЃбрЃарЃБрЃЦрЃфрЃўрЃљ рЃњрЃўрЃгрЃћрЃарЃўрЃљ, рЃћрЃА ../ рЃЊрЃљ website/ рЃцрЃљрЃЦрЃбрЃўрЃБрЃарЃљрЃЊ рЃљрЃюрЃћрЃўрЃбрЃарЃљрЃџрЃћрЃЉрЃћрЃю рЃћрЃарЃЌрЃБрЃарЃЌрЃА. рЃњрЃљрЃљрЃАрЃгрЃЮрЃарЃћ рЃЊрЃљ рЃЊрЃљрЃЏрЃўрЃЉрЃарЃБрЃюрЃћ рЃЊрЃљрЃЋрЃљрЃџрЃћрЃЉрЃљ.',2,8,143),(55,'рЃЎрЃљрЃарЃњрЃўрЃљ, рЃЏрЃ«рЃЮрЃџрЃЮрЃЊ 1 рЃърЃарЃЮрЃЉрЃџрЃћрЃЏрЃљрЃА рЃЋрЃ«рЃћрЃЊрЃљрЃЋ <h1> Planets </h1> рЃљрЃў рЃљрЃЦ рЃАрЃцрЃћрЃўрЃАрЃћрЃЉрЃў, рЃљрЃюрЃБ рЃњрЃљрЃЏрЃЮрЃбрЃЮрЃЋрЃћрЃЉрЃћрЃЉрЃў рЃљрЃарЃљрЃцрЃћрЃа рЃерЃБрЃљрЃерЃўрЃљ, рЃљрЃАрЃћ рЃљрЃа рЃгрЃћрЃарЃћрЃю рЃ«рЃЮрЃџрЃЏрЃћ рЃарЃЮрЃњрЃЮрЃарЃф рЃгрЃћрЃАрЃў.',2,10,143),(56,'рЃЎрЃљрЃарЃњрЃўрЃљ, рЃЕрЃљрЃгрЃўрЃЎрЃгрЃўрЃЎрЃћрЃЉрЃБрЃџрЃўрЃљ рЃЎрЃЮрЃЊрЃў рЃњрЃћрЃюрЃфрЃЋрЃљрЃџрЃћ :))) рЃБрЃЉрЃарЃљрЃџрЃЮрЃЊ рЃерЃћрЃюрЃА рЃЏрЃљрЃАрЃгрЃљрЃЋрЃџрЃћрЃЉрЃћрЃџрЃА рЃюрЃБ рЃЊрЃљрЃћрЃЏрЃАрЃњрЃљрЃЋрЃАрЃћрЃЉрЃў рЃЊрЃљ label-рЃћрЃЉрЃў рЃўрЃ«рЃЏрЃљрЃарЃћ :D',2,19,143),(57,'рЃЌрЃљрЃарЃљрЃе рЃЉрЃарЃљрЃЋрЃЮ, рЃЏрЃљрЃњрЃарЃљрЃЊ рЃЋрЃўрЃдрЃљрЃЊрЃљрЃЋрЃћ рЃфрЃљрЃарЃўрЃћрЃџ рЃџрЃћрЃўрЃЉрЃџрЃћрЃЉрЃќрЃћ, рЃЊрЃўрЃќрЃљрЃўрЃюрЃАрЃљрЃф рЃЊрЃљрЃљрЃЏрЃАрЃњрЃљрЃЋрЃАрЃћ рЃЊрЃљ рЃџрЃћрЃўрЃЉрЃџрЃўрЃф рЃљрЃа рЃЊрЃљрЃњрЃљрЃЋрЃўрЃгрЃДрЃЊрЃљ :)))) рЃЏрЃљрЃњрЃљрЃарЃў рЃЎрЃљрЃфрЃў рЃ«рЃљрЃа',2,19,144),(58,'рЃЎрЃљрЃарЃњрЃўрЃљ рЃџрЃБрЃЎрЃљ, рЃљрЃа рЃЏрЃљрЃЦрЃЋрЃА рЃерЃћрЃюрЃўрЃерЃЋрЃюрЃљ.',2,10,145),(59,'рЃюрЃЮрЃарЃЏрЃљрЃџрЃБрЃарЃўрЃљ, рЃАрЃћрЃџрЃћрЃЦрЃбрЃўрЃА id рЃАрЃ«рЃЋрЃљ рЃњрЃўрЃгрЃћрЃарЃўрЃљ рЃЊрЃљ label-рЃерЃў рЃЎрЃўрЃЊрЃћрЃЋ рЃарЃљрЃдрЃљрЃф рЃАрЃ«рЃЋрЃљрЃќрЃћ рЃњрЃљрЃЦрЃЋрЃА рЃњрЃљрЃЊрЃљрЃЉрЃЏрЃБрЃџрЃў рЃБрЃЉрЃарЃљрЃџрЃЮрЃЊ.',2,19,145),(60,'рЃљрЃюрЃљ, рЃњрЃљрЃЊрЃљрЃЊрЃў рЃерЃћрЃюрЃў рЃЊрЃљрЃЋрЃљрЃџрЃћрЃЉрЃўрЃА рЃџрЃўрЃюрЃЎрЃќрЃћ, рЃюрЃљрЃ«рЃљрЃЋ рЃарЃЮрЃЏ рЃџрЃўрЃюрЃЎрЃћрЃЉрЃў рЃљрЃа рЃЏрЃБрЃерЃљрЃЮрЃЉрЃА. рЃћрЃА рЃўрЃЏрЃўрЃА рЃЉрЃарЃљрЃџрЃўрЃљ рЃарЃЮрЃЏ pages рЃцрЃЮрЃџрЃЊрЃћрЃарЃА рЃЦрЃЋрЃўрЃљ Pages рЃЊрЃљ рЃерЃћрЃю рЃЎрЃў lower case-рЃўрЃЌ рЃњрЃўрЃгрЃћрЃарЃўрЃљ рЃљрЃюрЃЦрЃЮрЃа рЃџрЃўрЃюрЃЎрЃерЃў рЃЏрЃўрЃАрЃў рЃЏрЃўрЃАрЃљрЃЏрЃљрЃарЃЌрЃў. рЃЋрЃўрЃюрЃЊрЃЮрЃБрЃАрЃќрЃћ рЃљрЃЏрЃљрЃю рЃўрЃЏрЃБрЃерЃљрЃЋрЃљ, рЃЏрЃљрЃњрЃарЃљрЃЏ рЃџрЃўрЃюрЃБрЃЦрЃАрЃќрЃћ рЃарЃЮрЃњрЃЮрЃарЃф рЃЎрЃў рЃљрЃўрЃбрЃЋрЃўрЃарЃЌрЃљ рЃерЃћрЃюрЃў рЃЋрЃћрЃЉрЃАрЃљрЃўрЃбрЃў, рЃћрЃњрЃарЃћрЃЋрЃћ рЃњрЃљрЃърЃарЃЮрЃЉрЃџрЃћрЃЏрЃЊрЃљ рЃарЃЮрЃњрЃЮрЃарЃф рЃ«рЃћрЃЊрЃљрЃЋ. рЃарЃљрЃЊрЃњрЃљрЃю рЃџрЃўрЃюрЃБрЃЦрЃАрЃў case sensitive рЃАрЃўрЃАрЃбрЃћрЃЏрЃљрЃљ.',2,9,148),(61,'рЃњрЃљрЃљрЃАрЃгрЃЮрЃарЃћ рЃЊрЃљ рЃЊрЃљрЃЏрЃўрЃЉрЃарЃБрЃюрЃћ рЃЊрЃљрЃЋрЃљрЃџрЃћрЃЉрЃљ.',2,9,148),(62,'рЃўрЃЎрЃЮрЃюрЃўрЃА рЃџрЃўрЃюрЃЎрЃў рЃљрЃа рЃњрЃўрЃЏрЃБрЃерЃљрЃЋрЃћрЃЉрЃА. рЃЊрЃљрЃџрЃерЃћ рЃЎрЃљрЃарЃњрЃў рЃ«рЃљрЃа, рЃюрЃљрЃЏрЃБрЃерЃћрЃЋрЃљрЃарЃў рЃЊрЃљ рЃюрЃљрЃарЃўрЃАрЃћрЃарЃЕрЃљрЃџрЃў рЃћрЃбрЃДрЃЮрЃЉрЃљ :))',2,10,148),(63,'рЃЎрЃўрЃЉрЃљрЃбрЃЮрЃюрЃЮ, рЃЏрЃљрЃАрЃћрЃљ :D рЃЎрЃљрЃарЃњрЃўрЃљ рЃЊрЃљрЃЋрЃљрЃџрЃћрЃЉрЃљ, рЃљрЃа рЃЏрЃљрЃЦрЃЋрЃА рЃерЃћрЃюрЃўрЃерЃЋрЃюрЃљ. рЃБрЃЉрЃарЃљрЃџрЃЮрЃЊ рЃџрЃћрЃЦрЃбрЃЮрЃарЃА рЃюрЃБ рЃЊрЃљрЃћрЃЏрЃАрЃњрЃљрЃЋрЃАрЃћрЃЉрЃў рЃЊрЃљ label-рЃћрЃЉрЃў рЃњрЃљрЃЏрЃЮрЃўрЃДрЃћрЃюрЃћ рЃ«рЃЮрЃџрЃЏрЃћ :D',2,19,148),(64,'рЃЏрЃљрЃЌрЃћ рЃЎрЃљрЃарЃњрЃўрЃљ, рЃБрЃЉрЃарЃљрЃџрЃЮрЃЊ рЃњрЃљрЃЏрЃЮрЃбрЃЮрЃЋрЃћрЃЉрЃћрЃЉрЃў рЃљрЃа рЃљрЃарЃўрЃА рЃАрЃљрЃГрЃўрЃарЃЮ рЃарЃЮрЃЊрЃћрЃАрЃљрЃф рЃбрЃћрЃњрЃерЃў рЃгрЃћрЃа рЃбрЃћрЃЦрЃАрЃбрЃБрЃа рЃўрЃюрЃцрЃЮрЃарЃЏрЃљрЃфрЃўрЃљрЃА. <th> monday </th> рЃљрЃАрЃћ рЃљрЃарЃљ, рЃАрЃгрЃЮрЃарЃўрЃљ рЃљрЃАрЃћ: <th>monday</th>',2,10,135),(65,'рЃЎрЃљрЃарЃњрЃўрЃљ рЃДрЃЋрЃћрЃџрЃљрЃцрЃћрЃарЃў. рЃърЃљрЃбрЃарЃўрЃЮрЃбрЃБрЃџрЃў рЃАрЃБрЃџрЃўрЃАрЃЌрЃЋрЃўрЃА 5-рЃўрЃљрЃюрЃў + рЃўрЃЌ рЃЎрЃўрЃЊрЃћрЃЋ :D doctype рЃњрЃљрЃЎрЃџрЃўрЃљ рЃарЃљрЃАрЃљрЃф рЃЋрЃ«рЃћрЃЊрЃљрЃЋ рЃЊрЃљ html-рЃўрЃА рЃАрЃбрЃарЃБрЃЦрЃбрЃБрЃарЃљ рЃЊрЃљрЃњрЃћрЃюрЃћрЃарЃћрЃарЃўрЃарЃћрЃЉрЃБрЃџрЃў рЃњрЃљрЃЦрЃЋрЃА, рЃ«рЃћрЃџрЃўрЃЌ рЃљрЃа рЃЊрЃљрЃњрЃўрЃгрЃћрЃарЃўрЃљ. рЃњрЃЦрЃЮрЃюрЃўрЃљ рЃљрЃЦрЃљрЃЏрЃЊрЃћ рЃњрЃљрЃЏрЃЮрЃфрЃЊрЃўрЃџрЃћрЃЉрЃљ?',2,3,149),(66,'рЃЎрЃљрЃарЃњрЃўрЃљ, рЃерЃћрЃюрЃўрЃерЃЋрЃюрЃљ рЃљрЃа рЃЏрЃљрЃЦрЃЋрЃА',2,10,149),(67,'required рЃљрЃарЃўрЃА boolean рЃљрЃбрЃарЃўрЃЉрЃБрЃбрЃў, рЃерЃћрЃАрЃљрЃЉрЃљрЃЏрЃўрЃАрЃљрЃЊ рЃљрЃа рЃАрЃљрЃГрЃўрЃарЃЮрЃћрЃЉрЃА рЃЏрЃюрЃўрЃерЃЋрЃюрЃћрЃџрЃЮрЃЉрЃўрЃА рЃњрЃљрЃЊрЃљрЃфрЃћрЃЏрЃљрЃА, =\"\" рЃљрЃарЃўрЃА рЃќрЃћрЃЊрЃЏрЃћрЃбрЃў. рЃарЃљрЃбрЃў, html рЃЊрЃЮрЃЎрЃБрЃЏрЃћрЃюрЃбрЃА рЃюрЃБ рЃљрЃњрЃћрЃюрЃћрЃарЃўрЃарЃћрЃЉрЃўрЃюрЃћрЃЉ рЃћрЃЊрЃўрЃбрЃЮрЃарЃА, рЃ«рЃћрЃџрЃўрЃЌ рЃЊрЃљрЃгрЃћрЃарЃћ рЃ«рЃЮрЃџрЃЏрЃћ рЃљрЃЏ рЃћрЃбрЃљрЃърЃќрЃћ рЃ»рЃЮрЃЉрЃўрЃљ. doctype рЃљрЃЎрЃџрЃўрЃљ.',2,19,149),(68,'рЃЏрЃљрЃарЃў, рЃАрЃбрЃўрЃџрЃў рЃЊрЃљрЃўрЃфрЃљрЃЋрЃў, рЃЌрЃБ рЃћрЃарЃЌрЃў th-рЃўрЃА рЃерЃўрЃњрЃЌрЃљрЃЋрЃАрЃА рЃфрЃљрЃџрЃЎрЃћ рЃ«рЃљрЃќрЃќрЃћ рЃгрЃћрЃа, рЃДрЃЋрЃћрЃџрЃљ рЃЏрЃљрЃАрЃћ рЃБрЃюрЃЊрЃљ рЃўрЃДрЃЮрЃА. рЃќрЃЮрЃњрЃў th рЃћрЃџрЃћрЃЏрЃћрЃюрЃбрЃў 1 рЃ«рЃљрЃќрЃќрЃћ рЃњрЃљрЃЦрЃЋрЃА рЃЊрЃљ рЃќрЃЮрЃњрЃўрЃф 3 рЃ«рЃљрЃќрЃќрЃћ.\n\nрЃљрЃАрЃћрЃЋрЃћ, рЃарЃЮрЃЊрЃћрЃАрЃљрЃф th-рЃА рЃўрЃДрЃћрЃюрЃћрЃЉ рЃ░рЃЮрЃарЃўрЃќрЃЮрЃюрЃбрЃљрЃџрЃБрЃарЃў рЃ«рЃљрЃќрЃўрЃА рЃЊрЃљрЃАрЃљрЃАрЃљрЃЌрЃљрЃБрЃарЃћрЃЉрЃџрЃљрЃЊ, рЃАрЃљрЃГрЃўрЃарЃЮрЃљ рЃЏрЃўрЃБрЃЌрЃўрЃЌрЃЮ scope=\"row\" рЃљрЃбрЃарЃўрЃЉрЃБрЃбрЃў. рЃЋрЃЮрЃўрЃЊ рЃћрЃџрЃћрЃЏрЃћрЃюрЃбрЃћрЃЉрЃерЃў рЃљрЃЦрЃћрЃЊрЃљрЃюрЃЋрЃћ рЃЏрЃўрЃћрЃЕрЃЋрЃўрЃћ / рЃўрЃА рЃгрЃћрЃарЃљрЃА, рЃљрЃћ рЃ»рЃЮрЃЉрЃўрЃљ, рЃарЃћрЃљрЃЦрЃбрЃќрЃћ рЃљрЃдрЃљрЃа рЃњрЃљрЃњрЃўрЃГрЃўрЃарЃЊрЃћрЃЉрЃљ рЃЏрЃћрЃарЃћ :)) рЃАрЃљрЃћрЃарЃЌрЃЮ рЃ»рЃљрЃЏрЃерЃў рЃЎрЃљрЃарЃњрЃўрЃљ рЃФрЃљрЃџрЃўрЃљрЃю.',2,10,154),(69,'рЃЎрЃљрЃарЃњрЃўрЃљ, select-рЃќрЃћ рЃњрЃљрЃЎрЃџрЃўрЃљ id рЃљрЃбрЃарЃўрЃЉрЃБрЃбрЃў. рЃЊрЃљ рЃюрЃБ рЃљрЃњрЃћрЃюрЃћрЃарЃўрЃарЃћрЃЉ html рЃЊрЃЮрЃЎрЃБрЃЏрЃћрЃюрЃбрЃћрЃЉрЃА, рЃЏрЃўрЃћрЃЕрЃЋрЃўрЃћ рЃ«рЃћрЃџрЃўрЃЌ рЃгрЃћрЃарЃљрЃА :)))))',2,19,154),(70,'UI/UX рЃўрЃА рЃџрЃўрЃюрЃЎрЃў рЃљрЃа рЃњрЃўрЃЏрЃБрЃерЃљрЃЋрЃћрЃЉрЃА. рЃљрЃЏрЃўрЃА рЃЏрЃўрЃќрЃћрЃќрЃў рЃўрЃА рЃљрЃарЃўрЃА, рЃарЃЮрЃЏ рЃцрЃЮрЃЊрЃЊрЃћрЃарЃА рЃЊрЃўрЃЊрЃў рЃљрЃАрЃЮрЃћрЃЉрЃўрЃЌ рЃЦрЃЋрЃўрЃљ рЃАрЃљрЃ«рЃћрЃџрЃў, рЃерЃћрЃю рЃЎрЃў рЃџрЃўрЃюрЃЎрЃерЃў рЃърЃљрЃбрЃљрЃарЃљ рЃљрЃАрЃЮрЃћрЃЉрЃў рЃњрЃўрЃгрЃћрЃарЃўрЃљ. рЃЋрЃўрЃюрЃЊрЃЮрЃБрЃАрЃќрЃћ рЃћрЃњ рЃљрЃарЃљрЃБрЃерЃљрЃЋрЃА, рЃџрЃўрЃюрЃБрЃЦрЃАрЃќрЃћ рЃЎрЃўрЃЊрЃћрЃЋ рЃърЃарЃЮрЃЉрЃџрЃћрЃЏрЃљрЃљ. рЃАрЃљрЃћрЃарЃЌрЃЮ рЃ»рЃљрЃЏрЃерЃў рЃЎрЃљрЃарЃњрЃўрЃљ рЃДрЃЋрЃћрЃџрЃљрЃцрЃћрЃарЃў.',2,19,155),(71,'рЃњрЃўрЃЮ, <center/> рЃљрЃАрЃћ рЃљрЃа рЃўрЃ«рЃБрЃарЃћрЃЉрЃљ рЃбрЃћрЃњрЃћрЃЉрЃў, рЃАрЃџрЃћрЃерЃў рЃБрЃюрЃЊрЃљ рЃбрЃћрЃњрЃўрЃА рЃЊрЃљрЃАрЃљрЃ«рЃћрЃџрЃћрЃЉрЃљрЃЏрЃЊрЃћ, рЃљрЃюрЃБ рЃљрЃАрЃћ </center>',2,10,160),(72,'<link rel=\"icon\" href=\"../../Desktop/WEBSITE 2/IMAGES/apple.svg\"/>\n\nрЃџрЃўрЃюрЃЎрЃерЃў рЃЊрЃћрЃАрЃЎрЃбрЃЮрЃърЃў рЃњрЃљрЃЦрЃЋрЃА рЃюрЃљрЃ«рЃАрЃћрЃюрЃћрЃЉрЃў, рЃАрЃћрЃарЃЋрЃћрЃарЃќрЃћ рЃарЃЮрЃЏ рЃљрЃЏрЃўрЃбрЃЋрЃўрЃарЃЌрЃћ рЃЊрЃљрЃЋрЃљрЃџрЃћрЃЉрЃљ рЃЋрЃАрЃўрЃЮ, рЃерЃћрЃюрЃў рЃЊрЃћрЃАрЃЎрЃбрЃЮрЃърЃў рЃАрЃћрЃарЃЋрЃћрЃарЃќрЃћ рЃљрЃдрЃљрЃа рЃљрЃарЃўрЃА.',2,10,160),(73,'рЃЎрЃўрЃЊрЃћрЃЋ рЃћрЃарЃЌрЃ«рЃћрЃџ, рЃљрЃАрЃћ рЃљрЃа рЃўрЃ«рЃБрЃарЃћрЃЉрЃљ рЃбрЃћрЃњрЃћрЃЉрЃў <br/>',2,10,160),(74,'рЃарЃЮрЃЊрЃћрЃАрЃљрЃф рЃљрЃЏрЃ«рЃћрЃџрЃљ рЃерЃўрЃњрЃЌрЃљрЃЋрЃАрЃў рЃљрЃЦрЃЋрЃА рЃарЃљрЃўрЃЏрЃћ рЃћрЃџрЃћрЃЏрЃћрЃюрЃбрЃА, рЃ»рЃЮрЃЉрЃўрЃљ рЃарЃЮрЃЏ рЃњрЃљрЃЏрЃЮрЃДрЃЮ рЃерЃўрЃњрЃЌрЃљрЃЋрЃАрЃў рЃбрЃћрЃњрЃћрЃЉрЃўрЃАрЃљрЃњрЃљрЃю рЃЊрЃљ рЃфрЃљрЃџрЃЎрЃћ рЃ«рЃљрЃќрЃќрЃћ рЃЕрЃљрЃЏрЃЮрЃўрЃбрЃљрЃюрЃЮ <td rowspan=\"6\" bgcolor=\"coral\"><center>L<br/>U<br/>N<br/>C<br/>H<br/></td></center>',2,10,160),(75,'рЃњрЃљрЃљрЃАрЃгрЃЮрЃарЃћ рЃЊрЃљ рЃЊрЃљрЃЏрЃўрЃЉрЃарЃБрЃюрЃћ рЃарЃљ рЃЊрЃљрЃЋрЃљрЃџрЃћрЃЉрЃљ',2,10,160),(77,'рЃЏрЃњрЃЮрЃюрЃў рЃљрЃарЃљрЃАрЃгрЃЮрЃа рЃљрЃЊрЃњрЃўрЃџрЃљрЃА рЃњрЃљрЃЦрЃЋрЃА рЃБрЃЉрЃарЃљрЃџрЃЮрЃЊ рЃљрЃбрЃЋрЃўрЃарЃЌрЃБрЃџрЃў, рЃфрЃ«рЃарЃўрЃџрЃћрЃЉрЃўрЃљ рЃћрЃЏрЃЉрЃћрЃЊрЃўрЃА рЃљрЃЊрЃњрЃўрЃџрЃљрЃА.',2,9,161),(78,'рЃЎрЃљрЃарЃњрЃўрЃљ рЃАрЃљрЃюрЃЊрЃарЃЮ рЃДрЃЋрЃћрЃџрЃљрЃцрЃћрЃарЃў. рЃБрЃЉрЃарЃљрЃџрЃЮрЃЊ рЃарЃЮрЃфрЃљ th-рЃА рЃўрЃДрЃћрЃюрЃћрЃЉ рЃ░рЃЮрЃарЃўрЃќрЃЮрЃюрЃбрЃљрЃџрЃБрЃарЃў рЃ«рЃљрЃќрЃўрЃА рЃАрЃљрЃЌрЃљрЃБрЃарЃљрЃЊ, scope=\"col\" рЃюрЃљрЃфрЃЋрЃџрЃљрЃЊ рЃБрЃюрЃЊрЃљ рЃЊрЃљрЃгрЃћрЃарЃЮ scope=\"row\"',2,10,161),(79,'id-рЃерЃў рЃљрЃа рЃЋрЃгрЃћрЃарЃЌ рЃњрЃљрЃЏрЃЮрЃбрЃЮрЃЋрЃћрЃЉрЃћрЃЉрЃА. label-рЃћрЃЉрЃў рЃўрЃ«рЃЏрЃљрЃарЃћ рЃ«рЃЮрЃџрЃЏрЃћ, рЃЏрЃћрЃюрЃбрЃЮрЃарЃА рЃљрЃа рЃЊрЃљрЃћрЃЏрЃАрЃњрЃљрЃЋрЃАрЃЮ :)))) рЃЊрЃљрЃюрЃљрЃарЃЕрЃћрЃюрЃў рЃЎрЃљрЃўрЃљ.',2,19,161),(80,'рЃЏрЃерЃЋрЃћрЃюрЃўрЃћрЃарЃўрЃљ, рЃљрЃа рЃЏрЃљрЃЦрЃЋрЃА рЃерЃћрЃюрЃўрЃерЃЋрЃюрЃљ.',2,10,162),(81,'label-рЃћрЃЉрЃў рЃўрЃ«рЃЏрЃљрЃарЃћ рЃ«рЃЮрЃџрЃЏрЃћ, рЃЏрЃћ рЃюрЃБ рЃЊрЃљрЃЏрЃћрЃЏрЃАрЃњрЃљрЃЋрЃАрЃћрЃЉрЃў :))))) рЃЎрЃљрЃўрЃљ',2,19,162),(82,'рЃЎрЃљрЃарЃњрЃўрЃљ рЃњрЃўрЃњрЃљ рЃФрЃљрЃџрЃўрЃљрЃю. 2 рЃерЃћрЃюрЃўрЃерЃЋрЃюрЃљ рЃЏрЃљрЃЦрЃЋрЃА: tbody-рЃАрЃљ рЃЊрЃљ table-рЃА рЃерЃЮрЃарЃўрЃА рЃБрЃљрЃќрЃарЃЮрЃЊ рЃљрЃарЃўрЃА рЃњрЃљрЃЏрЃЮрЃДрЃћрЃюрЃћрЃЉрЃБрЃџрЃў breakline-рЃћрЃЉрЃў, рЃЎрЃЮрЃЊрЃА рЃљрЃЏрЃљрЃ«рЃўрЃюрЃ»рЃћрЃЉрЃА, рЃљрЃарЃљрЃљ рЃАрЃљрЃгрЃўрЃарЃЮ. рЃЊрЃљ рЃЏрЃћрЃЮрЃарЃћ: рЃарЃљрЃАрЃљрЃф рЃЋрЃћрЃЉрЃАрЃљрЃўрЃбрЃќрЃћ рЃўрЃДрЃћрЃюрЃћрЃЉ, рЃДрЃЋрЃћрЃџрЃљ рЃцрЃљрЃўрЃџрЃА рЃЏрЃљрЃарЃбрЃўрЃЋрЃў рЃАрЃљрЃ«рЃћрЃџрЃў рЃБрЃюрЃЊрЃљ рЃЊрЃљрЃљрЃарЃЦрЃЋрЃљ, рЃћрЃА рЃљрЃа рЃљрЃарЃўрЃА рЃЏрЃўрЃАрЃљрЃдрЃћрЃЉрЃў ВаЋЖхГ Jung Kook (of BTS) featuring Fahad Al Kubaisi - Dreamers _ FIFA World Cup 2022 Soundtrack (320 kbps).mp3',2,3,163),(83,'<link rel=\"icon\" href=\"/../FC BAYERN 2020.jpg\"  рЃљрЃЏ рЃбрЃћрЃњрЃўрЃА рЃЊрЃљрЃ«рЃБрЃарЃЋрЃљ рЃњрЃљрЃЦрЃЋрЃА рЃЊрЃљрЃЋрЃўрЃгрЃДрЃћрЃЉрЃБрЃџрЃў. рЃЊрЃюрЃљрЃарЃЕрЃћрЃюрЃў рЃЎрЃљрЃарЃњрЃўрЃљ. рЃ«рЃЮ рЃЊрЃљ рЃЎрЃўрЃЊрЃћрЃЋ, рЃюрЃБ рЃўрЃДрЃћрЃюрЃћрЃЉ рЃЎрЃЮрЃЊрЃерЃў рЃџрЃљрЃўрЃю рЃЉрЃарЃћрЃўрЃЦрЃћрЃЉрЃА рЃўрЃЦ, рЃАрЃљрЃЊрЃљрЃф рЃљрЃа рЃљрЃарЃўрЃА рЃАрЃљрЃГрЃўрЃарЃЮ.',2,8,163),(84,'рЃЏрЃћрЃЌрЃЮрЃарЃЏрЃћрЃбрЃћ рЃ«рЃљрЃќрЃќрЃћ рЃњрЃљрЃЦрЃЋрЃА рЃўрЃюрЃЊрЃћрЃюрЃбрЃљрЃфрЃўрЃљ рЃЊрЃљрЃарЃдрЃЋрЃћрЃБрЃџрЃў. рЃЊрЃљрЃюрЃљрЃарЃЕрЃћрЃюрЃў рЃЎрЃљрЃарЃњрЃўрЃљ рЃДрЃЋрЃћрЃџрЃљрЃцрЃћрЃарЃў.',2,10,163),(85,'рЃЎрЃљрЃарЃњрЃўрЃљ рЃњрЃўрЃњрЃљ, label-рЃћрЃЉрЃў рЃўрЃ«рЃЏрЃљрЃарЃћ рЃ«рЃЮрЃџрЃЏрЃћ рЃљрЃа рЃЊрЃљрЃњрЃљрЃЋрЃўрЃгрЃДрЃЊрЃћрЃА. рЃЋрЃўрЃфрЃў, рЃЏрЃћрЃф рЃЊрЃљрЃЏрЃљрЃЋрЃўрЃгрЃДрЃЊрЃљ рЃЋрЃўрЃЊрЃћрЃЮрЃерЃў. ',2,19,163),(86,'рЃЎрЃљрЃарЃњрЃў рЃ«рЃљрЃа рЃЉрЃљрЃбрЃЮрЃюрЃЮ рЃЉрЃљрЃЋрЃерЃЋрЃЮ :)))',2,20,170),(87,'рЃњрЃўрЃЮ, meta рЃЊрЃљ title рЃћрЃџрЃћрЃЏрЃћрЃюрЃбрЃћрЃЉрЃў head рЃћрЃџрЃћрЃЏрЃћрЃюрЃбрЃўрЃА рЃерЃЋрЃўрЃџрЃћрЃЉрЃў рЃљрЃарЃўрЃљрЃю, рЃњрЃљрЃљрЃАрЃгрЃЮрЃарЃћ рЃЊрЃљ рЃЊрЃљрЃЏрЃўрЃЉрЃарЃБрЃюрЃћ рЃЊрЃљрЃЋрЃљрЃџрЃћрЃЉрЃљ.',2,19,166),(88,'label-рЃћрЃЉрЃў рЃўрЃ«рЃЏрЃљрЃарЃћ рЃ«рЃЮрЃџрЃЏрЃћ рЃцрЃЮрЃарЃЏрЃљрЃерЃў, рЃЏрЃћ рЃюрЃБ рЃЊрЃљрЃЏрЃћрЃЏрЃАрЃњрЃљрЃЋрЃАрЃћрЃЉрЃў :))))))',2,19,166),(89,'рЃЎрЃљрЃарЃњрЃўрЃљ, label-рЃћрЃЉрЃў рЃўрЃ«рЃЏрЃљрЃарЃћ рЃ«рЃЮрЃџрЃЏрЃћ, рЃЏрЃћ рЃюрЃБ рЃЊрЃљрЃЏрЃћрЃЏрЃАрЃњрЃљрЃЋрЃАрЃћрЃЉрЃў :)))))',2,19,165),(90,'рЃЌрЃљрЃЌрЃўрЃљ, label for рЃљрЃбрЃарЃўрЃЉрЃБрЃбрЃерЃў рЃўрЃгрЃћрЃарЃћрЃЉрЃљ рЃўрЃюрЃцрЃБрЃЌрЃўрЃА id. рЃерЃћрЃюрЃА рЃўрЃюрЃцрЃБрЃЌрЃћрЃЉрЃА id-рЃћрЃЉрЃў рЃљрЃЎрЃџрЃўрЃљ. рЃњрЃљрЃљрЃАрЃгрЃЮрЃарЃћ рЃЊрЃљ рЃЊрЃљрЃЏрЃўрЃЉрЃарЃБрЃюрЃћ.',2,19,307),(91,'рЃфрЃ«рЃарЃўрЃџрЃў',255,10,255),(92,'рЃАрЃљрЃўрЃбрЃў',255,8,255),(93,'рЃЎрЃљрЃџрЃЎрЃБрЃџрЃљрЃбрЃЮрЃарЃў',255,19,255),(94,'wordis fails ver vagdeb\n',271,2,271),(95,'рЃЌрЃљрЃЏрЃљрЃа, рЃЏрЃЌрЃљрЃЋрЃљрЃа рЃњрЃЋрЃћрЃарЃЊрЃќрЃћ html рЃћрЃџрЃћрЃЏрЃћрЃюрЃбрЃерЃў lang=\"ka\" рЃљрЃбрЃарЃўрЃЉрЃБрЃбрЃўрЃА рЃњрЃљрЃюрЃАрЃљрЃќрЃдрЃЋрЃарЃљрЃљ рЃАрЃљрЃГрЃўрЃарЃЮ. \nрЃљрЃАрЃћрЃЋрЃћ, рЃюрЃљрЃЋрЃўрЃњрЃљрЃфрЃўрЃўрЃА рЃџрЃўрЃюрЃЎрЃћрЃЉрЃў рЃљрЃа рЃњрЃљрЃЦрЃЋрЃА рЃЕрЃљрЃАрЃЏрЃБрЃџрЃў ul рЃџрЃўрЃАрЃбрЃерЃў.\n\nhttps://students.novatori.ge/рЃЌрЃљрЃЏрЃљрЃа_рЃюрЃљрЃГрЃДрЃћрЃЉрЃўрЃљ/8/pages/courses/react/react.html рЃљрЃЏ рЃњрЃЋрЃћрЃарЃЊрЃќрЃћ \n\n<Link rel=\"icon\" href=\"../../../images/icon.png\" /> рЃбрЃћрЃњрЃў рЃњрЃљрЃЦрЃЋрЃА рЃЊрЃўрЃЊрЃў рЃљрЃАрЃЮрЃЌрЃў рЃЊрЃљрЃгрЃДрЃћрЃЉрЃБрЃџрЃў, рЃърЃљрЃбрЃљрЃарЃљ рЃљрЃАрЃЮрЃћрЃЉрЃўрЃЌ рЃгрЃћрЃарЃћ рЃарЃљ.\n\nрЃАрЃ«рЃЋрЃљ рЃДрЃЋрЃћрЃџрЃљрЃцрЃћрЃарЃў рЃАрЃгрЃЮрЃарЃўрЃљ, рЃЎрЃљрЃарЃњрЃў рЃюрЃљрЃЏрЃБрЃерЃћрЃЋрЃљрЃарЃўрЃљ',167,8,165),(96,'рЃАрЃгрЃЮрЃарЃўрЃљ рЃДрЃЋрЃћрЃџрЃљрЃцрЃћрЃарЃў, рЃЎрЃљрЃарЃњрЃў рЃюрЃљрЃЏрЃБрЃерЃћрЃЋрЃљрЃарЃўрЃљ рЃЌрЃљрЃЏрЃљрЃа.\n\nlang atributi ar gamogrches xolme ra',167,10,165),(97,'рЃЉрЃЮрЃЎрЃљ, рЃћрЃарЃЌрЃљрЃЊрЃћрЃарЃЌрЃў рЃарЃљрЃф рЃЏрЃўрЃюрЃЊрЃљ рЃњрЃўрЃЌрЃ«рЃарЃљ <html>-рЃерЃў lang=\"ka\" рЃљрЃбрЃарЃўрЃЉрЃБрЃбрЃў рЃљрЃа рЃњрЃљрЃЏрЃЮрЃбрЃЮрЃЋрЃЮ рЃ«рЃЮрЃџрЃЏрЃћ рЃарЃљ. рЃЊрЃљрЃюрЃљрЃарЃЕрЃћрЃюрЃў рЃДрЃЋрЃћрЃџрЃљрЃцрЃћрЃарЃў рЃАрЃгрЃЮрЃарЃўрЃљ. рЃЎрЃљрЃарЃњрЃў рЃюрЃљрЃЏрЃБрЃерЃћрЃЋрЃљрЃарЃўрЃљ, рЃДрЃЮрЃЕрЃљрЃд! рЃАрЃ«рЃЋрЃљ рЃЊрЃљрЃЋрЃљрЃџрЃћрЃЉрЃћрЃЉрЃўрЃф рЃљрЃбрЃЋрЃўрЃарЃЌрЃћ рЃЉрЃљрЃарЃћрЃЏ, рЃЏрЃћрЃЮрЃЌрЃ«рЃћ рЃЊрЃљ рЃЏрЃћрЃћрЃЦрЃЋрЃАрЃћ',167,19,252),(98,'рЃЉрЃЮрЃЎрЃљ, рЃћрЃарЃЌрЃљрЃЊрЃћрЃарЃЌрЃў рЃарЃљрЃф рЃЏрЃўрЃюрЃЊрЃљ рЃњрЃўрЃЌрЃ«рЃарЃљ <html>-рЃерЃў lang=\"ka\" рЃљрЃбрЃарЃўрЃЉрЃБрЃбрЃў рЃљрЃа рЃњрЃљрЃЏрЃЮрЃбрЃЮрЃЋрЃЮ рЃ«рЃЮрЃџрЃЏрЃћ рЃарЃљ. рЃЊрЃљрЃюрЃљрЃарЃЕрЃћрЃюрЃў рЃДрЃЋрЃћрЃџрЃљрЃцрЃћрЃарЃў рЃАрЃгрЃЮрЃарЃўрЃљ. рЃЎрЃљрЃарЃњрЃў рЃюрЃљрЃЏрЃБрЃерЃћрЃЋрЃљрЃарЃўрЃљ, рЃДрЃЮрЃЕрЃљрЃд! рЃАрЃ«рЃЋрЃљ рЃЊрЃљрЃЋрЃљрЃџрЃћрЃЉрЃћрЃЉрЃўрЃф рЃљрЃбрЃЋрЃўрЃарЃЌрЃћ рЃЉрЃљрЃарЃћрЃЏ, рЃЏрЃћрЃЮрЃЌрЃ«рЃћ рЃЊрЃљ рЃЏрЃћрЃћрЃЦрЃЋрЃАрЃћ',167,19,252),(99,'рЃюрЃљрЃЌрЃўрЃљ, рЃФрЃљрЃџрЃўрЃљрЃю рЃЎрЃљрЃарЃњрЃў рЃюрЃљрЃЏрЃБрЃерЃћрЃЋрЃљрЃарЃўрЃљ, рЃЎрЃљрЃарЃњрЃў рЃњрЃЮрЃњрЃЮ рЃ«рЃљрЃа. рЃбрЃћрЃЦрЃАрЃбрЃћрЃЉрЃўрЃф рЃФрЃљрЃљрЃю рЃАрЃљрЃДрЃЋрЃљрЃарЃћрЃџрЃўрЃљ. \nрЃарЃљрЃЏрЃЊрЃћрЃюрЃўрЃЏрЃћ рЃЊрЃћрЃбрЃљрЃџрЃўрЃљ рЃарЃљрЃф рЃБрЃюрЃЊрЃљ рЃњрЃўрЃЌрЃ«рЃарЃљ:\n1. рЃЊрЃљрЃБрЃюрЃЮрЃЏрЃарЃљрЃЋрЃў рЃАрЃўрЃћрЃЉрЃў рЃњрЃљрЃЦрЃЋрЃА рЃДрЃЮрЃЋрЃћрЃџ рЃ»рЃћрЃарЃќрЃћ рЃљрЃ«рЃџрЃўрЃЊрЃљрЃю рЃЊрЃљрЃгрЃДрЃћрЃЉрЃБрЃџрЃў рЃЊрЃљ рЃўрЃЊрЃћрЃљрЃерЃў рЃерЃћрЃњрЃћрЃФрЃџрЃЮ рЃћрЃарЃЌрЃў рЃЊрЃўрЃЊрЃў рЃАрЃўрЃљ рЃњрЃљрЃњрЃћрЃЎрЃћрЃЌрЃћрЃЉрЃўрЃюрЃљ рЃЏрЃЌрЃљрЃЋрЃљрЃа рЃњрЃЋрЃћрЃарЃЊрЃќрЃћ рЃЊрЃљ рЃўрЃЦ рЃЕрЃљрЃњрЃћрЃАрЃЋрЃљ рЃДрЃЋрЃћрЃџрЃљ рЃАрЃљрЃЌрЃБрЃарЃў. \n2. рЃАрЃљрЃЌрЃљрЃБрЃарЃћрЃЉрЃўрЃА рЃАрЃбрЃарЃБрЃЦрЃбрЃБрЃарЃљ рЃДрЃЋрЃћрЃџрЃњрЃљрЃю рЃЎрЃљрЃарЃњрЃљрЃЊ рЃњрЃљрЃЦрЃЋрЃА рЃњрЃљрЃюрЃџрЃљрЃњрЃћрЃЉрЃБрЃџрЃў, рЃ»рЃћрЃа h1-рЃА рЃарЃЮрЃЏ рЃўрЃДрЃћрЃюрЃћрЃЉ, рЃЏрЃћрЃарЃћ h2рЃА рЃЊрЃљ рЃљрЃАрЃћ рЃерЃЏрЃЊрЃћрЃњ. рЃЎрЃљрЃарЃњрЃўрЃљ, рЃћрЃАрЃћ рЃњрЃљрЃљрЃњрЃарЃФрЃћрЃџрЃћ.\n3. рЃцрЃЮрЃџрЃЊрЃћрЃарЃћрЃЉрЃўрЃА рЃАрЃбрЃарЃБрЃЦрЃбрЃБрЃарЃљ рЃЎрЃљрЃарЃњрЃљрЃЊ рЃљрЃарЃўрЃА рЃЊрЃљрЃфрЃБрЃџрЃў.\n\nрЃЏрЃЮрЃЎрЃџрЃћрЃЊ, рЃДрЃЮрЃЕрЃљрЃд',167,8,255),(100,'рЃюрЃљрЃЌрЃўрЃљ, рЃАрЃбрЃарЃБрЃЦрЃбрЃБрЃарЃљ рЃЎрЃљрЃарЃњрЃўрЃљ, рЃЊрЃљрЃЋрЃљрЃџрЃћрЃЉрЃљ рЃАрЃгрЃЮрЃарЃљрЃЊ рЃљрЃарЃўрЃА рЃерЃћрЃАрЃарЃБрЃџрЃћрЃЉрЃБрЃџрЃў, рЃћрЃарЃЌрЃљрЃЊрЃћрЃарЃЌрЃў рЃарЃљрЃЏ рЃарЃљрЃф рЃњрЃљрЃЏрЃЮрЃњрЃћрЃърЃљрЃарЃљ, \n<thead> рЃбрЃћрЃњрЃў <table>-рЃћрЃџрЃћрЃЏрЃћрЃюрЃбрЃерЃў рЃБрЃюрЃЊрЃљ рЃњрЃљрЃњрЃћрЃ«рЃюрЃАрЃљ.\nрЃДрЃЋрЃћрЃџрЃљрЃцрЃћрЃарЃў рЃЊрЃљрЃюрЃљрЃарЃЕрЃћрЃюрЃў  рЃАрЃгрЃЮрЃарЃўрЃљ.',167,10,255),(101,'<html>-рЃерЃў lang=\"ka\" рЃљрЃбрЃарЃўрЃЉрЃБрЃбрЃў рЃЊрЃљрЃгрЃћрЃарЃћ рЃ«рЃЮрЃџрЃЏрЃћ рЃарЃљ, рЃерЃћрЃћрЃфрЃљрЃЊрЃћ рЃЕрЃЋрЃћрЃЋрЃљрЃерЃў рЃњрЃљрЃњрЃўрЃ»рЃЊрЃћрЃА.\n\nрЃАрЃгрЃЮрЃарЃўрЃљ рЃДрЃЋрЃћрЃџрЃљрЃцрЃћрЃарЃў, рЃЎрЃљрЃарЃњрЃў рЃњрЃЮрЃњрЃЮ рЃ«рЃљрЃа ',167,19,255),(102,'рЃўрЃЏрЃўрЃбрЃЮрЃЏ рЃарЃЮрЃЏ рЃерЃћрЃќрЃдрЃБрЃЊрЃБрЃџрЃўрЃљ рЃцрЃљрЃўрЃџрЃћрЃЉрЃўрЃА рЃцрЃЮрЃарЃЏрЃљрЃбрЃўрЃА рЃљрЃбрЃЋрЃўрЃарЃЌрЃЋрЃљ, рЃЏрЃљрЃњрЃарЃљрЃЏ рЃћрЃ«рЃџрЃљ рЃЕрЃљрЃЋрЃљрЃАрЃгрЃЮрЃарЃћрЃЌ рЃЊрЃљ рЃерЃћрЃФрЃџрЃћрЃЉ рЃБрЃЎрЃЋрЃћ',167,2,271),(103,'рЃЌрЃљрЃЌрЃўрЃљ, \nрЃарЃљрЃдрЃљрЃфрЃљрЃа рЃљрЃўрЃбрЃЋрЃўрЃарЃЌрЃљ? рЃњрЃЋрЃћрЃарЃЊрЃћрЃЉрЃќрЃћ рЃЋрЃћрЃа рЃњрЃљрЃЊрЃљрЃЋрЃЊрЃўрЃЋрЃљрЃа, рЃЏрЃљрЃњрЃљрЃџрЃўрЃЌрЃљрЃЊ about us-рЃерЃў. рЃљрЃю рЃАрЃбрЃарЃБрЃЦрЃбрЃБрЃарЃљ рЃљрЃўрЃарЃўрЃљ рЃАрЃљрЃюрЃљрЃЏ рЃљрЃбрЃЋрЃўрЃарЃЌрЃљрЃЋрЃЊрЃў. рЃљрЃарЃф рЃцрЃЮрЃбрЃЮ рЃўрЃбрЃЋрЃўрЃарЃЌрЃћрЃЉрЃљ рЃЏрЃЌрЃљрЃЋрЃљрЃа рЃњрЃЋрЃћрЃарЃЊрЃќрЃћ. \nрЃљрЃАрЃћрЃЋрЃћ рЃЋрЃюрЃљрЃ«рЃћ рЃћрЃАрЃћ рЃњрЃћрЃгрЃћрЃарЃљ: <Head>\n<Title>. рЃћрЃА рЃерЃћрЃфрЃЊрЃЮрЃЏрЃљрЃЊ рЃўрЃЌрЃЋрЃџрЃћрЃЉрЃљ, html-рЃерЃў рЃћрЃџрЃћрЃЏрЃћрЃюрЃбрЃўрЃА рЃбрЃћрЃњрЃћрЃЉрЃў рЃърЃљрЃбрЃљрЃарЃљ рЃљрЃАрЃЮрЃћрЃЉрЃўрЃЌ рЃўрЃгрЃћрЃарЃћрЃЉрЃљ рЃЊрЃљ рЃерЃћрЃюрЃф рЃЏрЃљрЃАрЃћ рЃгрЃћрЃарЃћ рЃ«рЃЮрЃџрЃЏрЃћ рЃарЃљ.\n\nрЃЎрЃБрЃарЃАрЃћрЃЉрЃўрЃА рЃцрЃЮрЃџрЃЊрЃћрЃарЃерЃў <ul> рЃерЃў рЃърЃўрЃарЃЊрЃљрЃърЃўрЃа рЃЕрЃљрЃАрЃЏрЃБрЃџрЃў рЃњрЃљрЃЦрЃЋрЃА <img> element-рЃў рЃарЃљрЃф рЃљрЃарЃљрЃАрЃгрЃЮрЃарЃўрЃљ, <ul> рЃерЃў рЃљрЃБрЃфрЃўрЃџрЃћрЃЉрЃћрЃџрЃўрЃљ рЃарЃЮрЃЏ рЃърЃўрЃарЃЊрЃљрЃърЃўрЃа <li> рЃћрЃџрЃћрЃЏрЃћрЃюрЃбрЃў рЃўрЃДрЃЮрЃА рЃерЃЋрЃўрЃџрЃЮрЃЉрЃўрЃџрЃў рЃЊрЃљ рЃерЃћрЃЏрЃЊрЃћрЃњ рЃерЃћрЃњрЃўрЃФрЃџрЃўрЃљ <img> рЃЕрЃљрЃАрЃЋрЃљ рЃерЃўрЃњрЃюрЃўрЃЌ. \n\nрЃћрЃА рЃЊрЃљрЃЋрЃљрЃџрЃћрЃЉрЃљ рЃЏрЃњрЃЮрЃюрЃў рЃерЃћрЃњрЃўрЃЏрЃЮрЃгрЃЏрЃћ рЃ«рЃЮрЃЏ?',167,8,307),(104,'рЃЌрЃљрЃЌрЃўрЃљ, рЃАрЃгрЃЮрЃарЃўрЃљ рЃДрЃЋрЃћрЃџрЃљрЃцрЃћрЃарЃў. \nрЃћрЃарЃЌрЃљрЃЊрЃћрЃарЃЌрЃў, 113 рЃ«рЃљрЃќрЃќрЃћ    </td>-рЃА рЃарЃљ рЃБрЃюрЃЊрЃљ, рЃарЃљрЃА рЃљрЃЎрЃћрЃЌрЃћрЃЉрЃА? :рЃЊрЃЊ \n\nрЃЎрЃљрЃарЃњрЃў рЃюрЃљрЃЏрЃБрЃерЃћрЃЋрЃљрЃарЃўрЃљ <3',167,10,307),(105,'рЃљрЃарЃўрЃА рЃАрЃћрЃа',143,10,143),(106,'рЃљрЃ░рЃљрЃ░рЃљ рЃњрЃљрЃЋрЃўрЃЌрЃЋрЃљрЃџрЃўрЃАрЃгрЃўрЃюрЃћрЃЉ',143,19,143),(107,'рЃЏрЃљрЃарЃў рЃФрЃљрЃџрЃўрЃљрЃю рЃЎрЃљрЃарЃњрЃўрЃљ! рЃДрЃЮрЃЕрЃљрЃд. \nрЃћрЃарЃЌрЃљрЃЊрЃћрЃарЃЌрЃў рЃерЃћрЃћрЃфрЃљрЃЊрЃћ рЃЌрЃўрЃЌрЃЮ рЃЌрЃћрЃЏрЃљрЃерЃў рЃЌрЃўрЃЌрЃЮ рЃърЃарЃћрЃќрЃћрЃюрЃбрЃљрЃфрЃўрЃљ рЃљрЃбрЃЋрЃўрЃарЃЌрЃЮ. \n\nKeep Up The Good Work! <3',167,1,154),(108,'ьаЙь╗А рЃљрЃарЃўрЃА',143,8,143),(109,'рЃљрЃў рЃЕрЃљрЃЋрЃљрЃАрЃгрЃЮрЃарЃћ рЃцрЃЮрЃџрЃЊрЃћрЃарЃўрЃА рЃАрЃљрЃ«рЃћрЃџрЃў рЃЊрЃљ рЃЏрЃњрЃЮрЃюрЃў рЃарЃЮрЃЏ рЃњрЃљрЃАрЃгрЃЮрЃарЃЊрЃљ рЃДрЃЋрЃћрЃџрЃњрЃљрЃю ^^ рЃЏрЃљрЃЊрЃЊрЃџрЃЮрЃЮрЃЉрЃљрЃљ. рЃљрЃАрЃћрЃЋрЃћ рЃўрЃюрЃЊрЃћрЃЦрЃАрЃў рЃЊрЃљрЃћрЃЊрЃўрЃбрЃћрЃЉрЃБрЃџрЃў рЃЏрЃљрЃЦрЃЋрЃА рЃљрЃ«рЃљрЃџрЃў рЃЊрЃљрЃЋрЃљрЃџрЃћрЃЉрЃўрЃА рЃЏрЃўрЃ«рЃћрЃЊрЃЋрЃўрЃЌ рЃЊрЃљ рЃ»рЃћрЃа рЃљрЃа рЃЊрЃљрЃЏрЃўрЃАрЃарЃБрЃџрЃћрЃЉрЃўрЃљ рЃЊрЃљ рЃљрЃа рЃерЃћрЃўрЃЏрЃЕрЃюрЃўрЃЮ :рЃЊ рЃЊрЃдрЃћрЃА рЃџрЃћрЃЦрЃфрЃўрЃљрЃЏрЃЊрЃћ рЃљрЃЋрЃбрЃЋрЃўрЃарЃЌрЃљрЃЋ рЃљрЃ«рЃљрЃџ рЃЊрЃљрЃЋрЃљрЃџрЃћрЃЉрЃљрЃерЃў',148,9,148),(110,'рЃЎрЃў рЃЏрЃўрЃерЃљ. рЃЎрЃў рЃЋрЃгрЃЋрЃљрЃџрЃЮрЃЉрЃЊрЃў рЃ«рЃћрЃџрЃўрЃЌ , рЃАрЃгрЃљрЃЋрЃџрЃљ рЃарЃЮрЃфрЃљ рЃЊрЃљрЃЋрЃўрЃгрЃДрЃћ рЃЊрЃљ рЃБрЃЎрЃЋрЃћ рЃЏрЃўрЃЋрЃћрЃЕрЃЋрЃўрЃћ рЃЏрЃњрЃЮрЃюрЃўрЃљ :рЃЊ рЃљрЃЊрЃарЃћ рЃЋрЃАрЃгрЃљрЃЋрЃџрЃЮрЃЉрЃЊрЃў рЃЕрЃћрЃЏрЃўрЃЌ udemy рЃЊрЃљрЃю рЃЊрЃљ рЃўрЃБрЃЌрЃБрЃЉрЃўрЃЊрЃљрЃю Html рЃЊрЃљ Css  рЃЏрЃ«рЃЮрЃџрЃЮрЃЊ.',149,3,149),(111,'рЃЏрЃЮрЃарЃЕрЃљ рЃЉрЃЮрЃџрЃЮрЃ»рЃћрЃа рЃЊрЃљрЃЋрЃљрЃњрЃћрЃюрЃћрЃарЃўрЃарЃћ рЃћрЃЊрЃўрЃбрЃЮрЃарЃўрЃЌ :D рЃљрЃЏрЃўрЃћрЃарЃўрЃЊрЃљрЃю рЃ«рЃћрЃџрЃўрЃЌ рЃЊрЃљрЃЋрЃгрЃћрЃа. ',149,19,149),(112,'рЃљрЃюрЃљ,            \nрЃцрЃЮрЃџрЃЊрЃћрЃарЃћрЃЉрЃўрЃА рЃАрЃљрЃ«рЃћрЃџрЃћрЃЉрЃў рЃќрЃЮрЃњрЃў рЃЏрЃљрЃўрЃюрЃф рЃЊрЃўрЃЊрЃў рЃљрЃАрЃЮрЃћрЃЉрЃўрЃЌрЃљрЃљ, рЃњрЃўрЃарЃЕрЃћрЃЋ рЃДрЃЋрЃћрЃџрЃљрЃќрЃћ рЃЏрЃљрЃАрЃћ рЃЦрЃюрЃљ рЃ«рЃЮрЃџрЃЏрЃћ, рЃћрЃарЃЌрЃў рЃЎрЃЮрЃюрЃфрЃћрЃърЃбрЃў рЃљрЃўрЃдрЃЮ рЃЊрЃљ рЃўрЃЏрЃўрЃЌ рЃўрЃ«рЃћрЃџрЃЏрЃФрЃдрЃЋрЃљрЃюрЃћрЃџрЃЮ, рЃЊрЃљ рЃљрЃарЃљ рЃАрЃ«рЃЋрЃљрЃЊрЃљрЃАрЃ«рЃЋрЃљ рЃбрЃўрЃърЃўрЃА рЃАрЃљрЃ«рЃћрЃџрЃћрЃЉрЃўрЃЌ.\n\nрЃљрЃАрЃћрЃЋрЃћ, 43 рЃ«рЃљрЃќрЃќрЃћ <asaid> рЃћрЃАрЃћ рЃњрЃўрЃгрЃћрЃарЃўрЃљ, <aside> рЃБрЃюрЃЊрЃљ рЃўрЃДрЃЮрЃА.\n\nрЃърЃџрЃБрЃА рЃцрЃЮрЃарЃЏрЃљрЃА рЃарЃЮрЃЏ рЃњрЃљрЃљрЃЎрЃћрЃЌрЃћрЃЉ, label рЃњрЃљрЃБрЃгрЃћрЃарЃћ рЃ«рЃЮрЃџрЃЏрЃћ рЃљрЃБрЃфрЃўрЃџрЃћрЃЉрЃџрЃљрЃЊ рЃЊрЃљ рЃЏрЃўрЃљрЃЏрЃљрЃњрЃарЃћ рЃарЃљ рЃўрЃюрЃцрЃБрЃЌрЃЌрЃљрЃю. рЃЎрЃљрЃарЃњрЃў рЃърЃарЃљрЃЦрЃбрЃўрЃЎрЃљрЃљ рЃЊрЃљ рЃЌрЃБ рЃЏрЃљрЃАрЃћ рЃЏрЃўрЃћрЃЕрЃЋрЃћрЃЋрЃў рЃЎрЃљрЃарЃњрЃА рЃўрЃќрЃљрЃЋ. \n\nрЃЏрЃЌрЃџрЃўрЃљрЃюрЃЮрЃЉрЃљрЃерЃў рЃЎрЃљрЃарЃњрЃў рЃюрЃљрЃЏрЃБрЃерЃћрЃЋрЃљрЃарЃўрЃљ',167,9,148),(113,'<link rel=\"icon\" href=\"../Webiste/images/747.png\" /> рЃћрЃАрЃћ рЃарЃЮрЃЏ рЃ«рЃљрЃа рЃњрЃљрЃЏрЃЮрЃАрЃБрЃџрЃў рЃБрЃЎрЃљрЃю рЃЊрЃљ рЃЏрЃћрЃарЃћ \"Webiste\" рЃцрЃЮрЃџрЃЊрЃћрЃарЃерЃў рЃерЃћрЃАрЃБрЃџрЃў :рЃЊрЃЊ рЃљрЃарЃљрЃАрЃгрЃЮрЃарЃўрЃљ, рЃћрЃ«рЃџрЃљ рЃарЃЮ рЃљрЃбрЃЋрЃўрЃарЃЌрЃћ рЃАрЃ«рЃЋрЃљ рЃАрЃўрЃАрЃбрЃћрЃЏрЃљрЃерЃў Webiste рЃцрЃЮрЃџрЃЊрЃћрЃарЃўрЃА рЃюрЃљрЃфрЃЋрЃџрЃљрЃЊ рЃАрЃ«рЃЋрЃљ рЃцрЃЮрЃџрЃЊрЃћрЃарЃерЃў, рЃЋрЃћрЃдрЃљрЃа рЃърЃЮрЃБрЃџрЃЮрЃЉрЃА рЃцрЃљрЃўрЃџрЃћрЃЉрЃА.\n\nhead-рЃерЃў title рЃљрЃа рЃњрЃљрЃЦ рЃЊрЃљ рЃњрЃљрЃюрЃАрЃљрЃќрЃдрЃЋрЃарЃБрЃџрЃў рЃЊрЃљ рЃљрЃБрЃфрЃўрЃџрЃћрЃЉрЃћрЃџрЃў рЃћрЃџрЃћрЃЏрЃћрЃюрЃбрЃўрЃљ. \n\nрЃЏрЃЮрЃЎрЃџрЃћрЃЊ рЃюрЃў, рЃАрЃбрЃарЃБрЃЦрЃбрЃБрЃарЃљ рЃњрЃљрЃЦрЃЋрЃА рЃљрЃарЃћрЃБрЃџрЃў рЃЊрЃљ рЃБрЃюрЃЊрЃљ рЃњрЃљрЃЏрЃЮрЃљрЃАрЃгрЃЮрЃарЃЮ, рЃАрЃ«рЃЋрЃљ рЃњрЃЋрЃћрЃарЃЊрЃћрЃЉрЃќрЃћрЃф рЃљрЃдрЃљрЃа рЃњрЃљрЃЊрЃљрЃЊрЃўрЃА рЃўрЃњрЃўрЃЋрЃћ рЃЏрЃўрЃќрЃћрЃќрЃўрЃЌ.',167,8,143),(114,'рЃЏрЃћрЃЮрЃарЃћрЃњрЃљрЃю рЃџрЃћрЃўрЃЉрЃџрЃўрЃА рЃбрЃћрЃЦрЃАрЃбрЃў рЃЊрЃљ рЃцрЃџрЃћрЃўрЃАрЃ░рЃЮрЃџрЃЊрЃћрЃарЃў рЃњрЃљрЃЦ рЃљрЃарЃћрЃБрЃџрЃў :рЃЊ рЃАрЃгрЃЮрЃарЃўрЃљ рЃЊрЃљрЃюрЃљрЃарЃЕрЃћрЃюрЃў',167,19,138),(115,'copy / paste :рЃЊ ',138,19,138),(116,'рЃљрЃ░рЃљрЃ░рЃљрЃ░рЃљ рЃцрЃБрЃюрЃЌрЃБрЃерЃўрЃф рЃарЃћрЃфрЃћрЃърЃбрЃўрЃф рЃЏрЃЮрЃЋрЃўрЃФрЃўрЃћрЃћ. рЃЎрЃљрЃарЃњрЃўрЃљ!\n\nhtml-рЃерЃў рЃерЃћрЃћрЃфрЃљрЃЊрЃћ рЃерЃћрЃћрЃЕрЃЋрЃўрЃЮ рЃџрЃћрЃюрЃњ рЃљрЃбрЃарЃўрЃЉрЃБрЃбрЃўрЃА рЃњрЃљрЃюрЃАрЃљрЃќрЃдрЃЋрЃарЃљрЃА рЃЊрЃљ method=\"\" рЃЌрЃБ рЃЊрЃљрЃгрЃћрЃа рЃфрЃљрЃарЃўрЃћрЃџрЃў рЃљрЃа рЃЊрЃљрЃбрЃЮрЃЋрЃЮ. рЃљрЃю рЃерЃћрЃњрЃўрЃФрЃџрЃўрЃљ рЃАрЃљрЃћрЃарЃЌрЃЮрЃЊ рЃљрЃа рЃЊрЃљрЃгрЃћрЃарЃЮ рЃЏрЃћрЃЌрЃЮрЃЊрЃў.',167,19,154),(117,':рЃЊ :рЃЊ :рЃЊ ',167,19,138),(118,'рЃЌрЃљрЃЋрЃўрЃЊрЃљрЃю рЃЋрЃћрЃа рЃЋрЃбрЃЋрЃўрЃарЃЌрЃљрЃЋ рЃарЃљрЃбрЃЮрЃЏрЃдрЃљрЃф',138,19,138),(119,'google search рЃЊрЃљ рЃћрЃА рЃЊрЃљрЃЋрЃљрЃџрЃћрЃЉрЃљ рЃћрЃарЃЌрЃљрЃЊ рЃарЃЮрЃЏ рЃўрЃДрЃЮрЃА\n',138,19,138),(120,'рЃљрЃў рЃћрЃ«рЃџрЃљ рЃЋрЃљрЃАрЃгрЃЮрЃарЃћрЃЉрЃЊрЃў рЃЏрЃљрЃњрЃљрЃА рЃЊрЃљ рЃЏрЃћрЃбрЃљ рЃЕрЃљрЃарЃАрЃћрЃбрЃА рЃЋрЃљрЃЏрЃљрЃбрЃћрЃЉрЃЊрЃў,рЃЊрЃљрЃЏрЃљрЃАрЃгрЃљрЃарЃў рЃерЃћрЃЏрЃЮрЃгрЃЏрЃћрЃЉрЃљ :D',154,19,154),(121,'рЃгрЃўрЃюрЃљ рЃЏрЃљрЃАрЃгрЃљрЃЋрЃџрЃћрЃЉрЃћрЃџрЃў 2 рЃЌрЃЋрЃћ рЃњрЃЋрЃљрЃцрЃарЃЌрЃ«рЃўрЃџрЃћрЃЉрЃЊрЃљ рЃњрЃљрЃЏрЃЮрЃфрЃЊрЃљрЃќрЃћ form-рЃА action рЃЊрЃљ method-рЃА рЃЌрЃБ рЃљрЃа рЃЊрЃљрЃБрЃгрЃћрЃарЃЌ рЃЕрЃљрЃњрЃГрЃарЃўрЃЌ рЃАрЃБрЃџ рЃарЃЮрЃЏ рЃДрЃЋрЃћрЃџрЃљрЃцрЃћрЃарЃў рЃАрЃгрЃЮрЃарЃљрЃЊ рЃњрЃЦрЃЮрЃюрЃЊрЃћрЃЌрЃЮ рЃЊрЃљ рЃЊрЃљрЃЏрЃљрЃЎрЃЮрЃЏрЃърЃџрЃћрЃЦрЃАрЃљ :D :D рЃњрЃљрЃЊрЃљрЃЋрЃћрЃЕрЃЋрЃћрЃЋрЃў\n',154,19,154),(122,':рЃЊрЃЊрЃЊ рЃарЃљ рЃБрЃюрЃЊрЃЮрЃЊрЃљ рЃарЃљрЃА рЃњрЃћрЃарЃЕрЃЮрЃЊрЃљ :\\ ',167,19,154),(123,'рЃцрЃЮрЃџрЃЊрЃћрЃарЃў рЃБрЃюрЃЊрЃљ рЃЏрЃўрЃБрЃЌрЃўрЃЌрЃЮ',167,19,138),(124,'form рЃЏрЃљрЃњрЃўрЃА рЃњрЃљрЃарЃћрЃерЃћ рЃљрЃа рЃљрЃарЃАрЃћрЃЉрЃЮрЃЉрЃАрЃЮ :D :D рЃљрЃў рЃЕрЃљрЃЋрЃљрЃЏрЃљрЃбрЃћ ka рЃЊрЃљ UTF-8 :)',154,19,154),(125,'<3 рЃЎрЃљрЃарЃњрЃўрЃљ',167,19,154),(126,'рЃЏрЃљрЃЊрЃџрЃЮрЃЉрЃљ. prettier рЃЏрЃўрЃњрЃћрЃюрЃћрЃарЃўрЃарЃћрЃЉрЃЊрЃљ рЃћрЃњрЃарЃћ,рЃЏрЃљрЃюрЃЊрЃљрЃф рЃЊрЃљ form-рЃерЃў input-рЃўрЃА рЃљрЃбрЃарЃўрЃЉрЃБрЃбрЃћрЃЉрЃАрЃљрЃф рЃфрЃљрЃџ-рЃфрЃљрЃџрЃЎрЃћ рЃ«рЃљрЃќрЃќрЃћ рЃДрЃарЃўрЃА,рЃфрЃЮрЃбрЃљ рЃ«рЃљрЃюрЃА prettier-рЃА рЃЊрЃљрЃЋрЃљрЃюрЃћрЃЉрЃћрЃЉ рЃЌрЃљрЃЋрЃА <3 ',154,10,154),(127,'рЃўрЃАрЃћрЃЋ рЃФрЃЋрЃћрЃџрЃўрЃљ students.novatori.ge рЃќрЃћ\n',138,19,138),(128,'рЃћрЃ«рЃџрЃљ рЃњрЃљрЃАрЃгрЃЮрЃарЃЊрЃљ\n',138,19,138),(129,'рЃЏрЃўрЃерЃљ рЃњрЃљрЃЏрЃљрЃарЃ»рЃЮрЃЉрЃљ, рЃњрЃљрЃЏрЃЮрЃЋрЃљрЃњрЃќрЃљрЃЋрЃюрЃћ рЃљрЃ«рЃљрЃџрЃў рЃЊрЃљрЃЋрЃљрЃџрЃћрЃЉрЃљ рЃњрЃБрЃњрЃџрЃўрЃА рЃАрЃљрЃФрЃўрЃћрЃЉрЃЮ, рЃљрЃЏ рЃФрЃЋрЃћрЃџрЃАрЃљрЃф рЃерЃћрЃЋрЃљрЃАрЃгрЃЮрЃарЃћрЃЉ рЃЊрЃљ рЃЕрЃљрЃЋрЃљрЃњрЃЊрЃћрЃЉ.',307,19,307),(130,'рЃќрЃБрЃЎрЃљ рЃњрЃљрЃЏрЃљрЃарЃ»рЃЮрЃЉрЃљ, рЃЎрЃў рЃћрЃА рЃЊрЃљрЃЋрЃљрЃџрЃћрЃЉрЃљ рЃерЃћрЃАрЃгрЃЮрЃарЃћрЃЉрЃБрЃџрЃў рЃњрЃљрЃЦрЃЋрЃА рЃЊрЃљ рЃарЃљрЃдрЃљрЃф рЃЋрЃћрЃа рЃљрЃўрЃбрЃЋрЃўрЃарЃЌрЃљ рЃАрЃарЃБрЃџрЃљрЃЊ, рЃЕрЃћрЃЏрЃЌрЃљрЃю рЃ«рЃАрЃюрЃўрЃА рЃЎрЃЮрЃЏрЃърЃўрЃБрЃбрЃћрЃарЃерЃў рЃЕрЃЋрЃћрЃБрЃџрЃћрЃЉрЃарЃўрЃЋрЃљрЃЊ рЃЊрЃљ рЃљрЃЦ рЃљрЃа рЃўрЃбрЃЋрЃўрЃарЃбрЃћрЃЉрЃљ рЃюрЃЮрЃарЃЏрЃљрЃџрЃБрЃарЃљрЃЊ, рЃерЃћрЃњрЃўрЃФрЃџрЃўрЃљ рЃћрЃА рЃгрЃљрЃерЃљрЃџрЃЮ рЃЊрЃљ рЃ«рЃћрЃџрЃљрЃ«рЃџрЃљ рЃљрЃЋрЃбрЃЋрЃўрЃарЃЌрЃљрЃЋ рЃљрЃЏ рЃЊрЃљрЃЋрЃљрЃџрЃћрЃЉрЃљрЃА.',307,8,307),(131,'рЃњрЃљрЃЏрЃљрЃарЃ»рЃЮрЃЉрЃљ рЃЏрЃўрЃерЃљ ^\nрЃњрЃљрЃЋрЃљрЃАрЃгрЃЮрЃарЃћ рЃЏрЃњрЃЮрЃюрЃў рЃЊрЃљ рЃЊрЃљрЃЋрЃљрЃЏрЃљрЃбрЃћ рЃћрЃарЃЌрЃў рЃЊрЃљрЃЋрЃљрЃџрЃћрЃЉрЃљрЃф periodic table \n<br/>  рЃерЃћрЃЋрЃфрЃЋрЃљрЃџрЃћ <br /> рЃўрЃЌ , рЃџрЃўрЃюрЃЎрЃўрЃф рЃњрЃљрЃЋрЃљрЃАрЃгрЃЮрЃарЃћ рЃўрЃЎрЃЮрЃюрЃЎрЃљ рЃарЃЮрЃЏ рЃцрЃљрЃўрЃџрЃўрЃЊрЃљрЃюрЃЋрЃћ рЃгрЃљрЃћрЃдрЃЮ. ',160,10,160),(132,'рЃќрЃБрЃЎрЃљ, рЃљрЃБрЃБрЃБ рЃљрЃў рЃАрЃљрЃЊрЃдрЃљрЃф рЃарЃљрЃдрЃљрЃф рЃЊрЃћрЃЉрЃўрЃџрЃЮрЃЉрЃљ рЃерЃћрЃфрЃЊрЃЮрЃЏрЃљ рЃарЃЮрЃЏ рЃљрЃа рЃЊрЃљрЃЏрЃћрЃЏрЃљрЃарЃЌрЃЮрЃА рЃљрЃа рЃерЃћрЃўрЃФрЃџрЃћрЃЉрЃљ рЃарЃљ :рЃЊрЃЊрЃЊрЃЊ рЃЏрЃљрЃњрЃљрЃарЃў рЃЊрЃљрЃЎрЃЋрЃўрЃарЃЋрЃћрЃЉрЃБрЃџрЃў рЃЋрЃљрЃа :рЃЊ',307,10,307),(133,'рЃЉрЃљрЃбрЃЮрЃюрЃЮ рЃЏрЃўрЃ«рЃћрЃўрЃџ рЃЉрЃљрЃбрЃЮрЃюрЃЮ рЃќрЃБрЃЎрЃўрЃЕ рЃЊрЃўрЃЊрЃў рЃАрЃўрЃДрЃЋрЃљрЃарЃБрЃџрЃўрЃЌ рЃЉрЃљрЃбрЃЮрЃюрЃў рЃЊрЃљрЃЋрЃўрЃЌрЃўрЃАрЃњрЃљрЃю РЮц№ИЈ',170,19,170),(134,'рЃЎрЃўрЃў,рЃЊрЃљрЃЋрЃљрЃЏрЃБрЃдрЃљрЃЏрЃћ рЃБрЃЎрЃЋрЃћ рЃарЃЮрЃњрЃЮрЃарЃф РЮц№ИЈ рЃЊрЃдрЃћрЃўрЃЊрЃљрЃю рЃДрЃЋрЃћрЃџрЃљ рЃЉрЃџрЃЮрЃњрЃА рЃЌрЃљрЃЋрЃўрЃА рЃљрЃЊрЃњрЃўрЃџрЃќрЃћ рЃљрЃЋрЃбрЃЋрЃўрЃарЃЌрЃљрЃЋ ',154,1,154),(135,'рЃЏрЃљрЃЊрЃџрЃЮрЃЉрЃљ рЃњрЃљрЃЋрЃўрЃЌрЃЋрЃљрЃџрЃўрЃАрЃгрЃўрЃюрЃћрЃЉ рЃЏрЃЮрЃЏрЃљрЃЋрЃџрЃўрЃАрЃЌрЃЋрЃўрЃА',108,19,108),(136,'рЃАрЃљрЃџрЃљрЃЏрЃў рЃњрЃўрЃЮрЃарЃњрЃў. рЃЎрЃљрЃарЃњрЃў рЃюрЃљрЃЏрЃБрЃерЃћрЃЋрЃљрЃарЃўрЃљ рЃФрЃљрЃџрЃўрЃљрЃю! Periodic table- рЃњрЃљрЃюрЃАрЃљрЃЎрЃБрЃЌрЃарЃћрЃЉрЃўрЃЌ.  рЃДрЃЮрЃЕрЃљрЃд',167,10,160),(137,'рЃЎрЃљрЃарЃњрЃў рЃЉрЃўрЃГрЃў',167,19,170),(138,'рЃЎрЃљрЃарЃњрЃў рЃюрЃљрЃЏрЃБрЃерЃћрЃЋрЃљрЃарЃўрЃљ рЃърЃљрЃърЃБрЃюрЃљ',167,20,250),(139,'рЃЌрЃљрЃЌрЃўрЃљ, рЃњрЃБрЃњрЃџрЃерЃў рЃАрЃгрЃЮрЃарЃўрЃљ рЃДрЃЋрЃћрЃџрЃљрЃцрЃћрЃарЃў)) рЃДрЃЮрЃЕрЃљрЃд',167,19,307),(140,':)) рЃАрЃгрЃљрЃЋрЃџрЃўрЃА рЃърЃарЃЮрЃфрЃћрЃАрЃерЃў рЃЏрЃЮрЃАрЃБрЃџрЃљ ',167,10,307),(141,'рЃЌрЃБ рЃњрЃўрЃюрЃЊрЃљ рЃгрЃљрЃЋрЃерЃџрЃў, рЃЏрЃљрЃњрЃарЃљрЃЏ рЃќрЃћрЃЏрЃЮрЃЊрЃљрЃю рЃњрЃљрЃЊрЃљрЃгрЃћрЃарЃљрЃф рЃерЃћрЃњрЃўрЃФрЃџрЃўрЃљ. рЃљрЃюрЃБ рЃЎрЃўрЃЊрЃћрЃЋ рЃћрЃарЃЌрЃ«рЃћрЃџ рЃљрЃбрЃЋрЃўрЃарЃЌрЃЋрЃўрЃЌ рЃњрЃљрЃЊрЃљрЃћрЃгрЃћрЃарЃћрЃЉрЃљ рЃќрЃћрЃЏрЃЮрЃЊрЃљрЃю',167,8,307),(142,'рЃАрЃљрЃарЃЕрЃўрЃА рЃЊрЃљрЃЋрЃљрЃџрЃћрЃЉрЃљ рЃљрЃЋрЃбрЃЋрЃўрЃарЃЌрЃћ. рЃгрЃћрЃАрЃўрЃЌ рЃњрЃљрЃЏрЃЮрЃЋрЃўрЃЊрЃљ :D\n',165,19,165),(143,'рЃЏрЃљрЃЊрЃџрЃЮрЃЉрЃљ рЃќрЃБрЃЎрЃљ<3 рЃљрЃЋрЃбрЃЋрЃўрЃарЃЌрЃћ рЃўрЃАрЃЊрЃљрЃЋрЃљрЃџрЃћрЃЉрЃћрЃЉрЃўрЃф\n',252,19,252),(144,'рЃњрЃљрЃўрЃ«рЃљрЃарЃћ рЃЏрЃўрЃерЃљ рЃЏрЃљрЃЊрЃџрЃЮрЃЉрЃљ рЃЎрЃў рЃЎрЃў рЃњрЃљрЃЏрЃЮрЃЋрЃљрЃАрЃгрЃЮрЃарЃћрЃЉ рЃерЃћрЃЋрЃфрЃЋрЃљрЃџрЃћ рЃАрЃљрЃ«рЃћрЃџрЃў',163,3,163),(145,'рЃЏрЃљрЃЊрЃџрЃЮрЃЉрЃљ рЃЏрЃўрЃерЃљ рЃњрЃљрЃЋрЃўрЃЌрЃЋрЃљрЃџрЃўрЃАрЃгрЃўрЃюрЃћрЃЉ ',163,19,163),(146,'рЃЏрЃљрЃЊрЃџрЃЮрЃЉрЃљ рЃЏрЃўрЃерЃљ рЃњрЃљрЃЋрЃўрЃЌрЃЋрЃљрЃџрЃўрЃАрЃгрЃўрЃюрЃћрЃЉ',163,10,163),(147,'рЃџрЃБрЃЎрЃљ, рЃЊрЃљрЃЋрЃљрЃџрЃћрЃЉрЃљ рЃљрЃа рЃЏрЃБрЃерЃљрЃЮрЃЉрЃА, рЃарЃљрЃдрЃљрЃф рЃњрЃљрЃЎрЃџрЃўрЃљ рЃарЃўрЃА рЃњрЃљрЃЏрЃЮрЃф рЃЎрЃљрЃџрЃЎрЃБрЃџрЃљрЃбрЃЮрЃарЃў рЃљрЃа рЃЏрЃБрЃерЃљрЃЮрЃЉрЃА рЃАрЃљрЃћрЃарЃЌрЃЮрЃЊ.\n\nрЃљрЃАрЃћрЃЋрЃћ, рЃЏрЃћрЃЮрЃарЃћ label-рЃерЃўрЃф рЃњрЃљрЃЦрЃЋрЃА рЃерЃћрЃфрЃЊрЃЮрЃЏрЃљ, рЃърЃўрЃарЃЋрЃћрЃџ рЃАрЃгрЃЮрЃарЃљрЃЊ рЃњрЃўрЃгрЃћрЃарЃўрЃљ.\n\nрЃерЃћрЃљрЃАрЃгрЃЮрЃарЃћ рЃЊрЃљ рЃЊрЃљрЃЏрЃўрЃЉрЃарЃБрЃюрЃћ.',2,19,112),(148,'рЃюрЃўрЃюрЃў рЃарЃљрЃдрЃљрЃф рЃцрЃЮрЃбрЃЮ рЃњрЃљрЃЦрЃЋрЃА рЃЕрЃљрЃАрЃЏрЃБрЃџрЃў, рЃарЃљрЃф рЃљрЃбрЃЋрЃўрЃарЃЌрЃБрЃџрЃў рЃљрЃа рЃњрЃљрЃЦрЃЋрЃА.\n\nрЃљрЃАрЃћрЃЋрЃћ, рЃћрЃА рЃарЃљрЃА рЃюрЃўрЃерЃюрЃљрЃЋрЃА? :D <a href=\"+995....рЃЉрЃЮрЃџрЃЮ рЃЮрЃа рЃфрЃўрЃцрЃарЃА рЃљрЃа рЃЋрЃљрЃАрЃљрЃ«рЃћрЃџрЃћрЃЉрЃЌ\"> tel: рЃарЃЮрЃЏ рЃЏрЃўрЃњрЃћрЃгрЃћрЃарЃљ рЃгрЃўрЃю, рЃЎрЃўрЃЊрЃћ рЃ«рЃЮ :D',2,8,143),(149,'courses.html рЃерЃў рЃџрЃўрЃюрЃЎрЃћрЃЉрЃќрЃћ рЃБрЃЎрЃљрЃю рЃњрЃљрЃЊрЃўрЃ«рЃљрЃа рЃЊрЃљ рЃЏрЃћрЃарЃћ рЃўрЃАрЃћрЃЋ рЃерЃћрЃЏрЃЮрЃЊрЃўрЃ«рЃљрЃа courses рЃцрЃЮрЃџрЃЊрЃћрЃарЃерЃў. ../ рЃЊрЃљ courses/ рЃћрЃА рЃЮрЃарЃў рЃўрЃюрЃАрЃбрЃарЃБрЃЦрЃбрЃўрЃљ рЃћрЃарЃЌрЃЏрЃљрЃюрЃћрЃЌрЃА рЃљрЃЉрЃљрЃЌрЃўрЃџрЃћрЃЉрЃћрЃю.',2,8,143),(150,'register.html-рЃерЃў 15-рЃћ рЃ«рЃљрЃќрЃќрЃћ рЃљрЃарЃАрЃћрЃЉрЃБрЃџ label-рЃерЃў id рЃњрЃљрЃЦрЃЋрЃА рЃљрЃарЃљрЃАрЃгрЃЮрЃарЃљрЃЊ рЃЏрЃўрЃЌрЃўрЃЌрЃћрЃЉрЃБрЃџрЃў.\n\nrequired рЃљрЃбрЃарЃўрЃЉрЃБрЃбрЃћрЃЉрЃў рЃўрЃњрЃўрЃЋрЃћ рЃцрЃљрЃўрЃџрЃерЃў рЃБрЃюрЃЊрЃљ рЃњрЃљрЃЏрЃЮрЃДрЃЮ рЃАрЃцрЃћрЃўрЃАрЃўрЃЌ(рЃњрЃљрЃЏрЃЮрЃбрЃЮрЃЋрЃћрЃЉрЃўрЃЌ).\n\ngoogle.html-рЃерЃў https:-рЃА рЃљрЃЎрЃџрЃўрЃљ //',2,20,153),(151,'google.html-рЃерЃў рЃФрЃћрЃЉрЃюрЃўрЃА рЃцрЃБрЃюрЃЦрЃфрЃўрЃљ рЃљрЃа рЃЏрЃБрЃерЃљрЃЮрЃЉрЃА. рЃЏрЃљрЃарЃўрЃљрЃЏ, рЃерЃћрЃљрЃЏрЃЮрЃгрЃЏрЃћ рЃ«рЃЮрЃџрЃЏрЃћ рЃЊрЃљрЃЋрЃљрЃџрЃћрЃЉрЃљрЃА рЃарЃЮрЃЏ рЃЊрЃљрЃгрЃћрЃа. рЃЌрЃБ рЃљрЃа рЃЏрЃБрЃерЃљрЃЮрЃЉрЃА рЃћрЃАрЃћрЃўрЃњрЃў рЃарЃљрЃдрЃљрЃф рЃерЃћрЃњрЃћрЃерЃљрЃџрЃљ.',2,20,153),(152,'рЃљрЃбрЃарЃўрЃЉрЃБрЃбрЃћрЃЉрЃА рЃерЃЮрЃарЃўрЃА рЃњрЃљрЃЏрЃЮрЃбрЃЮрЃЋрЃћрЃЉрЃўрЃА рЃЊрЃљрЃАрЃЏрЃљ рЃљрЃарЃўрЃА рЃЏрЃюрЃўрЃерЃЋрЃюрЃћрЃџрЃЮрЃЋрЃљрЃюрЃў, рЃАрЃ«рЃЋрЃљ рЃцрЃљрЃўрЃџрЃћрЃЉрЃерЃўрЃф рЃњрЃљрЃЦрЃЋрЃА рЃерЃћрЃерЃџрЃўрЃџрЃў.',2,20,153),(153,'рЃЎрЃљрЃарЃњрЃўрЃљ рЃДрЃЋрЃћрЃџрЃљрЃцрЃћрЃарЃў, рЃљрЃа рЃЏрЃљрЃЦрЃЋрЃА рЃерЃћрЃюрЃўрЃерЃЋрЃюрЃљ ^^',2,10,154),(154,'рЃњрЃБрЃЊ рЃџрЃљрЃЦ! <3',167,1,154),(155,'рЃЎрЃљрЃарЃњрЃў рЃЉрЃўрЃГрЃў рЃ«рЃљрЃа рЃЉрЃЮрЃЎрЃљ, рЃћрЃарЃЌрЃљрЃЊрЃћрЃарЃЌрЃў \n<html> -рЃќрЃћ lang=\"ka\" рЃљрЃбрЃарЃўрЃЉрЃБрЃбрЃўрЃА рЃњрЃљрЃюрЃАрЃљрЃќрЃдрЃЋрЃарЃљрЃА рЃЏрЃўрЃћрЃЕрЃЋрЃўрЃћ рЃарЃљ.',167,10,252),(156,'рЃњрЃБрЃњрЃџрЃќрЃћ рЃњрЃљрЃЏрЃЮрЃАрЃгрЃЮрЃарЃћрЃЉрЃБрЃџрЃўрЃљ рЃџрЃћрЃўрЃЉрЃџрЃћрЃЉрЃўрЃА рЃљрЃЏрЃЉрЃљрЃЋрЃў ',167,19,162),(157,'рЃњрЃўрЃњрЃљ, рЃДрЃЋрЃћрЃџрЃљрЃцрЃћрЃарЃў рЃАрЃгрЃЮрЃарЃўрЃљ рЃћрЃарЃЌрЃўрЃА рЃњрЃљрЃарЃЊрЃљ, <head> elementi рЃЊрЃљрЃ«рЃБрЃарЃБрЃџрЃў рЃњрЃљрЃЦрЃЋрЃА body рЃћрЃџрЃћрЃЏрЃћрЃюрЃбрЃўрЃА рЃерЃћрЃЏрЃЊрЃћрЃњ (73 рЃ«рЃљрЃќрЃќрЃћ) рЃАрЃгрЃЮрЃарЃў рЃўрЃЦрЃюрЃћрЃЉрЃЮрЃЊрЃљ рЃЉрЃЮрЃЊрЃўрЃЏрЃЊрЃћ рЃЊрЃљрЃ«рЃБрЃарЃЋрЃљ.',167,10,163),(158,'рЃАрЃгрЃЮрЃарЃўрЃљ рЃДрЃЋрЃћрЃџрЃљрЃцрЃћрЃарЃў',167,19,165),(159,'рЃЉрЃЮрЃЎрЃљ, рЃЏрЃЌрЃљрЃЋрЃљрЃа рЃњрЃЋрЃћрЃарЃЊрЃќрЃћ рЃцрЃЮрЃбрЃЮрЃћрЃЉрЃў рЃарЃЮрЃЏ рЃњрЃљрЃЦрЃЋрЃА, alt рЃљрЃбрЃарЃўрЃЉрЃБрЃбрЃў рЃњрЃљрЃЦрЃЋрЃА рЃњрЃљрЃЏрЃЮрЃарЃЕрЃћрЃюрЃўрЃџрЃў. \n\nрЃЎрЃЮрЃюрЃбрЃљрЃЦрЃбрЃќрЃћ:\n        <img src=\"../images/Mentors.png\" with=\"400\" height=\"350\"/>\nрЃљрЃарЃф рЃљрЃЦ рЃљрЃарЃўрЃА рЃљрЃџрЃб, рЃЊрЃљ рЃАрЃўрЃњрЃљрЃюрЃўрЃА рЃљрЃбрЃарЃўрЃЉрЃБрЃбрЃерЃў рЃћрЃарЃЌрЃў рЃљрЃАрЃЮ рЃњрЃљрЃЦрЃЋрЃА рЃњрЃљрЃЏрЃЮрЃбрЃЮрЃЋрЃћрЃЉрЃБрЃџрЃў.\nux-ui-рЃА рЃцрЃЮрЃбрЃЮрЃерЃўрЃф.\n\n\nрЃЎрЃБрЃарЃАрЃћрЃЉрЃерЃў <ul> рЃЮрЃарЃ»рЃћрЃа рЃњрЃљрЃЦрЃЋрЃА рЃЊрЃљрЃ«рЃБрЃарЃБрЃџрЃў\n\nрЃарЃћрЃљрЃЦрЃбрЃўрЃА рЃЎрЃБрЃарЃАрЃерЃў рЃћрЃарЃЌрЃњрЃљрЃю рЃњрЃљрЃЦрЃЋрЃА </h3> рЃЊрЃљрЃ«рЃБрЃарЃБрЃџрЃў, рЃЏрЃљрЃњрЃарЃљрЃЏ рЃљрЃа рЃњрЃЦрЃЮрЃюрЃЊрЃљ рЃњрЃљрЃ«рЃАрЃюрЃўрЃџрЃў.\n\nрЃЊрЃљрЃюрЃљрЃарЃЕрЃћрЃюрЃў рЃДрЃЋрЃћрЃџрЃљрЃцрЃћрЃарЃў рЃАрЃгрЃЮрЃарЃўрЃљ, рЃЎрЃљрЃарЃњрЃў рЃЉрЃўрЃГрЃў рЃ«рЃљрЃа',167,8,252),(160,'рЃљрЃарЃљрЃцрЃарЃўрЃА <3\n\nрЃЏрЃюрЃўрЃерЃЋрЃюрЃћрЃџрЃЮрЃЋрЃљрЃюрЃў рЃЊрЃћрЃбрЃљрЃџрЃў: <label> рЃБрЃюрЃЊрЃљ рЃўрЃДрЃЮрЃА рЃЊрЃљ рЃљрЃарЃљ <lable>',167,19,252),(161,'рЃюрЃўрЃЎрЃљ, \n\nindex.html рЃБрЃерЃћрЃфрЃЊрЃЮрЃЏрЃЮрЃљ,\ncourses.html рЃерЃў рЃцрЃЮрЃбрЃЮрЃА рЃџрЃўрЃюрЃЎрЃўрЃљ рЃњрЃљрЃцрЃБрЃГрЃћрЃЉрЃБрЃџрЃў,\n\nрЃќрЃЮрЃњрЃљрЃЊрЃљрЃЊ: рЃАрЃљрЃЌрЃљрЃБрЃарЃћрЃЉрЃўрЃА рЃўрЃћрЃарЃљрЃарЃЦрЃўрЃљ рЃЊрЃљрЃўрЃфрЃљрЃЋрЃў рЃарЃљ, h1 рЃА рЃарЃЮрЃЏ рЃњрЃљрЃЏрЃЮрЃўрЃДрЃћрЃюрЃћрЃЉ рЃърЃўрЃарЃЊрЃљрЃърЃўрЃа h3 рЃќрЃћ рЃњрЃљрЃЊрЃљрЃАрЃЋрЃџрЃљрЃА рЃЏрЃЮрЃћрЃарЃўрЃЊрЃћ рЃЊрЃљ рЃ»рЃћрЃа h2 рЃњрЃљрЃЏрЃЮрЃўрЃДрЃћрЃюрЃћ.\n\nрЃЊрЃљрЃюрЃљрЃарЃЕрЃћрЃюрЃў рЃДрЃЋрЃћрЃџрЃљрЃцрЃћрЃарЃў рЃАрЃгрЃЮрЃарЃўрЃљ, рЃЎрЃљрЃарЃњрЃў рЃюрЃљрЃЏрЃБрЃерЃћрЃЋрЃљрЃарЃўрЃљ',167,8,258),(162,'рЃюрЃўрЃЎрЃљ, рЃерЃћрЃфрЃЊрЃЮрЃЏрЃљ рЃЋрЃћрЃа рЃњрЃўрЃърЃЮрЃЋрЃћ, рЃДрЃЮрЃЕрЃљрЃд!',167,10,258),(163,'рЃюрЃўрЃЎрЃљ, \nрЃАрЃгрЃЮрЃарЃў рЃўрЃЦрЃюрЃћрЃЉрЃЮрЃЊрЃљ <label>, рЃерЃћрЃю рЃњрЃўрЃгрЃћрЃарЃўрЃљ <lable>, рЃарЃљрЃф рЃљрЃарЃљрЃАрЃгрЃЮрЃарЃўрЃљ.\nрЃЊрЃљ рЃќрЃЮрЃњрЃљрЃЊрЃљрЃЊ, рЃџрЃћрЃўрЃЉрЃџрЃА рЃарЃЮрЃфрЃљ рЃЦрЃЏрЃюрЃў, рЃерЃўрЃњрЃюрЃўрЃЌ рЃерЃћрЃћрЃфрЃљрЃЊрЃћ рЃарЃЮрЃЏ рЃарЃљрЃўрЃЏрЃћ рЃбрЃћрЃЦрЃАрЃбрЃў рЃЕрЃљрЃгрЃћрЃарЃЮ. \n\nрЃАрЃ«рЃЋрЃљ рЃДрЃЋрЃћрЃџрЃљрЃцрЃћрЃарЃў рЃАрЃгрЃЮрЃарЃўрЃљ',167,19,258),(164,'рЃЊрЃљрЃЌрЃЮ, \nрЃљрЃарЃћрЃБрЃџрЃўрЃљ id-рЃА рЃЏрЃўрЃюрЃўрЃГрЃћрЃЉрЃљ рЃБрЃюрЃЊрЃљ рЃЏрЃЮрЃ«рЃЊрЃћрЃА select-рЃерЃў рЃЊрЃљ input-рЃерЃў, рЃ«рЃЮрЃџрЃЮ рЃџрЃћрЃўрЃЉрЃџрЃў рЃБрЃюрЃЊрЃљ рЃЊрЃљрЃБрЃЎрЃЋрЃерЃўрЃарЃЊрЃћрЃА for=\"\" рЃљрЃбрЃарЃўрЃЉрЃБрЃбрЃўрЃЌ. рЃерЃћрЃю рЃърЃўрЃарЃўрЃЦрЃўрЃЌ рЃњрЃљрЃЦрЃЋрЃА',167,19,267),(165,'https://1drv.ms/p/s!AmnBlINAw67xcICYHpqrUUG1614?e=tTAWte',238,22,238),(166,'ezz<3\n',252,19,252),(167,'uih utf-8 gamomrchenia da shevasworee))))))',252,19,252),(168,'рЃЎрЃљрЃџрЃЎрЃБрЃџрЃљрЃфрЃўрЃљрЃА рЃљрЃа рЃљрЃЎрЃћрЃЌрЃћрЃЉрЃА рЃЊрЃљ рЃЋрЃћрЃа рЃЋрЃ«рЃЋрЃЊрЃћрЃЉрЃў рЃарЃљ рЃерЃћрЃфрЃЊрЃЮрЃЏрЃљрЃљ',160,19,160),(169,'рЃЏрЃўрЃерЃљ-рЃќрЃБрЃЎрЃљ рЃарЃљрЃф рЃњрЃљрЃЋрЃўрЃљрЃарЃћрЃЌ html-рЃерЃў рЃДрЃЋрЃћрЃџрЃљрЃцрЃћрЃарЃў рЃњрЃљрЃЏрЃЮрЃЋрЃўрЃДрЃћрЃюрЃћ рЃЌрЃўрЃЌрЃЦрЃЏрЃўрЃА рЃЊрЃљ рЃљрЃЋрЃљрЃгрЃДрЃЋрЃћ рЃћрЃА рЃАрЃљрЃўрЃбрЃў. рЃћрЃбрЃљрЃърЃЮрЃЉрЃарЃўрЃЋрЃљрЃЊ рЃЋрЃљрЃЏрЃљрЃбрЃћрЃЉрЃЊрЃў рЃарЃљрЃАрЃљрЃф рЃњрЃљрЃЋрЃўрЃЋрЃџрЃўрЃЊрЃўрЃЌ рЃЊрЃљ рЃАрЃљрЃЉрЃЮрЃџрЃЮрЃЮрЃЊ рЃћрЃА рЃњрЃљрЃЏрЃЮрЃЋрЃўрЃЊрЃљ :D рЃарЃљрЃдрЃљрЃф рЃцрЃљрЃўрЃџрЃћрЃЉрЃў рЃњрЃљрЃљрЃгрЃўрЃЌрЃџрЃљ рЃљрЃбрЃЋрЃўрЃарЃЌрЃЋрЃўрЃА рЃЊрЃарЃЮрЃА рЃЊрЃљ рЃЌрЃБ рЃљрЃа рЃљрЃўрЃбрЃЋрЃўрЃарЃЌрЃљ рЃърЃўрЃарЃљрЃЊрЃерЃў рЃњрЃљрЃЏрЃЮрЃњрЃўрЃњрЃќрЃљрЃЋрЃюрЃўрЃЌ <3',149,20,149),(170,'рЃљрЃАрЃћрЃЋрЃћ, рЃћрЃА рЃарЃљрЃА рЃюрЃўрЃерЃюрЃљрЃЋрЃА? :D <a href=\"+995....рЃЉрЃЮрЃџрЃЮ рЃЮрЃа рЃфрЃўрЃцрЃарЃА рЃљрЃа рЃЋрЃљрЃАрЃљрЃ«рЃћрЃџрЃћрЃЉрЃЌ\"> tel: рЃарЃЮрЃЏ рЃЏрЃўрЃњрЃћрЃгрЃћрЃарЃљ рЃгрЃўрЃю, рЃЎрЃўрЃЊрЃћ рЃ«рЃЮ :D- vaime  es vixumre washla damviwkebia , au ara es tavidan unda gavaketo ar momwons',143,8,143),(171,'рЃюрЃўрЃюрЃў рЃарЃљрЃдрЃљрЃф рЃцрЃЮрЃбрЃЮ рЃњрЃљрЃЦрЃЋрЃА рЃЕрЃљрЃАрЃЏрЃБрЃџрЃў, рЃарЃљрЃф рЃљрЃбрЃЋрЃўрЃарЃЌрЃБрЃџрЃў рЃљрЃа рЃњрЃљрЃЦрЃЋрЃА, ragaceebi wavshale atvirtvisas miwitlebda da megona vshlidi da mainc aitvrita? jandaba gamovasworeb',143,8,143),(172,'mgoni gavaswore shecdomebi.',160,19,160),(173,'рЃЎрЃљрЃарЃњрЃў рЃюрЃљрЃЏрЃБрЃерЃћрЃЋрЃљрЃарЃўрЃљ рЃюрЃўрЃЎрЃљ, рЃДрЃЮрЃЕрЃљрЃд!',167,20,111),(174,'рЃџрЃБрЃЎрЃљ,\nрЃърЃўрЃарЃЋрЃћрЃџ рЃарЃўрЃњрЃерЃў рЃЏрЃљрЃЊрЃџрЃЮрЃЉрЃљ рЃарЃЮрЃЏ рЃќрЃарЃБрЃюрЃљрЃЋ рЃЕрЃЋрЃћрЃюрЃќрЃћ рЃЊрЃљ рЃЎрЃЮрЃЊрЃўрЃА рЃАрЃЦрЃарЃўрЃюрЃерЃЮрЃбрЃў рЃЏрЃЮрЃљрЃДрЃЮрЃџрЃћ. рЃљрЃа рЃљрЃарЃўрЃА рЃАрЃљрЃГрЃўрЃарЃЮ, рЃњрЃЋрЃљрЃЦрЃЋрЃА рЃгрЃЋрЃЊрЃЮрЃЏрЃљ рЃЎрЃЮрЃЊрЃќрЃћ рЃЊрЃљ рЃљрЃдрЃљрЃа рЃерЃћрЃгрЃБрЃ«рЃЊрЃћ.\n\nрЃюрЃљрЃЏрЃБрЃерЃћрЃЋрЃљрЃарЃў рЃЎрЃљрЃарЃњрЃўрЃљ, рЃњрЃљрЃЏрЃЮрЃАрЃгрЃЮрЃарЃћрЃЉрЃБрЃџрЃўрЃљ рЃърЃарЃЮрЃЉрЃџрЃћрЃЏрЃљ рЃЊрЃљ рЃЎрЃљрЃџрЃЎрЃБрЃџрЃљрЃбрЃЮрЃарЃў рЃЏрЃБрЃерЃљрЃЮрЃЉрЃА рЃњрЃљрЃЏрЃљрЃарЃЌрЃБрЃџрЃљрЃЊ. рЃћрЃарЃЌрЃљрЃЊрЃћрЃарЃЌрЃў рЃџрЃћрЃўрЃЉрЃџрЃў рЃљрЃа рЃњрЃљрЃЦрЃЋрЃА select рЃћрЃџрЃћрЃЏрЃћрЃюрЃбрЃќрЃћ. рЃћрЃњ рЃерЃћрЃфрЃЊрЃЮрЃЏрЃљ рЃљрЃа рЃљрЃарЃўрЃА, рЃЏрЃљрЃњрЃарЃљрЃЏ рЃЎрЃљрЃарЃњрЃў рЃърЃарЃљрЃЦрЃбрЃўрЃЎрЃљрЃљ рЃарЃЮрЃЏ рЃњрЃљрЃЏрЃЮрЃўрЃДрЃћрЃюрЃЮ.\n\nрЃЏрЃЮрЃЎрЃџрЃћрЃЊ рЃДрЃЮрЃЕрЃљрЃд',167,19,112),(175,'рЃџрЃљрЃќрЃљрЃарЃћ, рЃЎрЃЮрЃЊрЃў рЃЏрЃБрЃерЃљрЃЮрЃЉрЃА, рЃЎрЃљрЃарЃњрЃўрЃљ.\nрЃЮрЃдрЃЮрЃюрЃЊ :рЃЊ \n\n1. lang рЃљрЃбрЃарЃўрЃЉрЃБрЃбрЃў рЃБрЃюрЃЊрЃљ рЃњрЃљрЃБрЃгрЃћрЃарЃЮ html рЃћрЃџрЃћрЃЏрЃћрЃюрЃбрЃА рЃЊрЃљ рЃљрЃарЃљ head-рЃА.\n2. рЃерЃћрЃћрЃфрЃљрЃЊрЃћ рЃДрЃЋрЃћрЃџрЃљ рЃўрЃюрЃцрЃБрЃЌрЃА рЃџрЃћрЃўрЃЉрЃџрЃў рЃњрЃљрЃБрЃгрЃћрЃарЃЮ рЃ«рЃЮрЃџрЃЏрЃћ, рЃљрЃарЃљрЃљ рЃерЃћрЃфрЃЊрЃЮрЃЏрЃљ рЃћрЃ«рЃџрЃљ рЃЏрЃљрЃњрЃарЃљрЃЏ рЃфрЃБрЃЊрЃў рЃърЃарЃљрЃЦрЃбрЃўрЃЎрЃљрЃљ, рЃЊрЃљ рЃарЃЮ рЃЏрЃўрЃћрЃЕрЃЋрЃўрЃЮ рЃћрЃАрЃћ рЃЏрЃБрЃерЃљрЃЮрЃЉрЃљрЃА рЃЎрЃљрЃарЃњрЃў рЃўрЃЦрЃюрЃћрЃЉрЃљ.\n\nрЃАрЃ«рЃЋрЃљ рЃДрЃЋрЃћрЃџрЃљрЃцрЃћрЃарЃў рЃЎрЃљрЃарЃњрЃўрЃљ',167,19,126),(176,'рЃњрЃўрЃЮрЃарЃњрЃў, \nрЃЎрЃљрЃарЃњрЃў рЃюрЃљрЃЏрЃБрЃерЃћрЃЋрЃљрЃарЃўрЃљ, рЃцрЃЮрЃарЃЏрЃљ рЃЏрЃБрЃерЃљрЃЮрЃЉрЃА.\n\nрЃћрЃарЃЌрЃљрЃЊрЃћрЃарЃЌрЃў рЃЊрЃћрЃбрЃљрЃџрЃў, рЃарЃЮрЃфрЃљ рЃўрЃюрЃцрЃБрЃЌ рЃћрЃџрЃћрЃЏрЃћрЃюрЃбрЃА рЃЦрЃЏрЃюрЃў, рЃерЃћрЃћрЃфрЃљрЃЊрЃћ рЃДрЃЮрЃЋрЃћрЃџрЃЌрЃЋрЃўрЃА рЃњрЃљрЃБрЃгрЃћрЃарЃЮ рЃџрЃћрЃўрЃЉрЃџрЃў (label), рЃАрЃљрЃГрЃўрЃарЃЮрЃљ рЃЊрЃљ рЃЎрЃљрЃарЃњрЃў рЃърЃарЃљрЃЦрЃбрЃўрЃЎрЃљрЃљ рЃарЃЮрЃЏ рЃњрЃљрЃЏрЃЮрЃўрЃДрЃћрЃюрЃЮ. ',167,19,139),(177,'рЃ»рЃћрЃа рЃЎрЃўрЃЊрЃћрЃЋ рЃњрЃљрЃАрЃљрЃАрЃгрЃЮрЃарЃћрЃЉрЃћрЃџрЃўрЃљ рЃЕрЃћрЃЏрЃЮ рЃЊрЃљрЃЮ :рЃЊрЃЊ',167,8,143),(178,'рЃарЃљрЃбрЃў, рЃћрЃцрЃџрЃерЃў рЃарЃЮ рЃЋрЃўрЃДрЃЮ рЃАрЃљрЃЏрЃАрЃљрЃ«рЃБрЃарЃерЃў рЃљрЃњрЃўрЃДрЃЋрЃљрЃюрЃЊрЃў :рЃЊрЃЊрЃЊ\n\nрЃЎрЃљрЃарЃњрЃў рЃюрЃљрЃЏрЃБрЃерЃћрЃЋрЃљрЃарЃўрЃљ, рЃЏрЃЮрЃЏрЃгрЃЮрЃюрЃА рЃарЃЮрЃЏ рЃЏрЃЮрЃњрЃЋрЃДрЃЋрЃћрЃЉрЃў рЃЊрЃљ рЃДрЃЋрЃћрЃџрЃљрЃцрЃћрЃарЃА рЃљрЃЎрЃћрЃЌрЃћрЃЉ рЃарЃљрЃАрЃљрЃф рЃњрЃљрЃЋрЃЊрЃўрЃЋрЃљрЃарЃЌ. рЃљрЃАрЃћ рЃњрЃљрЃюрЃљрЃњрЃарЃФрЃћ',167,20,149),(179,'рЃљрЃЕрЃў рЃБрЃерЃћрЃфрЃЊрЃЮрЃЏрЃЮ рЃюрЃљрЃЏрЃБрЃерЃћрЃЋрЃљрЃарЃўрЃљ, рЃфрЃ«рЃарЃўрЃџрЃў рЃЎрЃљрЃарЃњрЃљрЃЊ рЃњрЃљрЃЦ рЃерЃћрЃЏрЃЮрЃбрЃљрЃюрЃўрЃџрЃў. рЃџрЃўрЃюрЃЎрЃћрЃЉрЃўрЃљ рЃБрЃЉрЃарЃљрЃџрЃЮрЃЊ рЃљрЃарЃћрЃБрЃџрЃў рЃарЃљрЃЊрЃњрЃљрЃю рЃАрЃ«рЃЋрЃљ рЃцрЃљрЃўрЃџрЃћрЃЉрЃўрЃљ рЃа рЃњрЃљрЃЦрЃЋрЃА рЃљрЃбрЃЋрЃўрЃарЃЌрЃБрЃџрЃў рЃЏрЃљрЃњрЃарЃљрЃЏ рЃЏрЃћрЃАрЃЏрЃўрЃА рЃарЃЮ рЃАрЃ«рЃЋрЃљ рЃЊрЃљрЃЋрЃљрЃџрЃћрЃЉрЃўрЃАрЃљрЃљ рЃћрЃњрЃћрЃюрЃў. рЃЎрЃљрЃарЃњрЃўрЃљ рЃЏрЃЮрЃЎрЃџрЃћрЃЊ рЃДрЃЋрЃћрЃџрЃљрЃцрЃћрЃарЃў',167,10,150),(180,'рЃљрЃЕрЃў, рЃЎрЃљрЃарЃњрЃўрЃљ рЃДрЃЋрЃћрЃџрЃљрЃцрЃћрЃарЃў. рЃЎрЃЮрЃЊрЃў рЃЏрЃБрЃерЃљрЃЮрЃЉрЃА рЃњрЃљрЃЏрЃљрЃарЃЌрЃБрЃџрЃљрЃЊ. \nрЃћрЃарЃЌрЃљрЃЊрЃћрЃарЃЌрЃў рЃарЃљрЃЏ рЃарЃљрЃф рЃЏрЃўрЃюрЃЊрЃљ рЃњрЃўрЃЌрЃ«рЃарЃљ, рЃарЃЮрЃЊрЃћрЃАрЃљрЃф рЃўрЃюрЃцрЃБрЃЌ рЃћрЃџрЃћрЃЏрЃћрЃюрЃбрЃА рЃЦрЃЏрЃюрЃў, рЃерЃћрЃћрЃфрЃљрЃЊрЃћ рЃарЃЮрЃЏ рЃџрЃћрЃўрЃЉрЃџрЃў (label) рЃДрЃЮрЃЋрЃћрЃџрЃЌрЃЋрЃўрЃА рЃњрЃљрЃБрЃгрЃћрЃарЃЮ. рЃерЃћрЃфрЃЊрЃЮрЃЏрЃљ рЃљрЃарЃљрЃљ, рЃЏрЃљрЃњрЃарЃљрЃЏ рЃЎрЃљрЃарЃњрЃў рЃърЃарЃљрЃЦрЃбрЃўрЃЎрЃљрЃљ рЃЊрЃљ рЃерЃћрЃћрЃфрЃљрЃЊрЃћ рЃЊрЃљрЃўрЃЏрЃљрЃ«рЃАрЃЮрЃЋрЃарЃЮ. ',167,19,150),(181,'рЃЏрЃљрЃарЃўрЃљрЃЏ, рЃљрЃа рЃЋрЃўрЃфрЃў рЃарЃљ рЃЋрЃЦрЃюрЃљ, рЃДрЃЋрЃћрЃџрЃљ рЃћрЃарЃЌрЃљрЃЊ рЃерЃћрЃЋрЃљрЃАрЃгрЃЮрЃарЃЮ рЃЊрЃљ рЃфрЃљрЃџ рЃфрЃљрЃџрЃЎрЃћ рЃЕрЃљрЃЏрЃЮрЃЋрЃДрЃљрЃарЃЮ рЃЎрЃЮрЃЏрЃћрЃюрЃбрЃљрЃарЃћрЃЉрЃў рЃЌрЃБ рЃњрЃЌрЃ«рЃЮрЃЋрЃЮ рЃарЃЮрЃЏ рЃфрЃљрЃџ рЃфрЃљрЃџрЃЎрЃћ рЃљрЃбрЃЋрЃўрЃарЃЌрЃЮ рЃДрЃЋрЃћрЃџрЃљрЃцрЃћрЃарЃў. рЃЏрЃњрЃЮрЃюрЃў рЃЮрЃарЃўрЃЋрЃћрЃАрЃЌрЃЋрЃўрЃА рЃљрЃ»рЃЮрЃЉрЃћрЃЉрЃА рЃарЃЮрЃЏ рЃерЃћрЃ«рЃЋрЃћрЃЊрЃарЃўрЃА рЃерЃћрЃАрЃљрЃЉрЃљрЃЏрЃўрЃАрЃљрЃЊ рЃЏрЃўрЃљрЃЏрЃљрЃњрЃарЃЮ рЃцрЃљрЃўрЃџрЃћрЃЉрЃў, рЃерЃћрЃюрЃЌрЃЋрЃўрЃА рЃБрЃЎрЃћрЃЌ рЃЮрЃарЃњрЃљрЃюрЃўрЃќрЃћрЃЉрЃБрЃџрЃў рЃўрЃЦрЃюрЃћрЃЉрЃљ рЃЊрЃљ рЃЏрЃћрЃф рЃЎрЃЮрЃЏрЃћрЃюрЃбрЃљрЃарЃћрЃЉрЃА рЃерЃћрЃ«рЃЋрЃћрЃЊрЃарЃўрЃА рЃЏрЃўрЃ«рЃћрЃЊрЃЋрЃўрЃЌ рЃЊрЃљрЃњрЃўрЃгрЃћрЃа рЃЊрЃљ рЃЏрЃћрЃарЃћ рЃњрЃљрЃЊрЃљрЃ«рЃћрЃЊрЃЋрЃљ рЃарЃЮ рЃЊрЃљрЃњрЃГрЃўрЃарЃЊрЃћрЃЉрЃљ рЃБрЃЎрЃћрЃЌ рЃЏрЃўрЃљрЃњрЃюрЃћрЃЉ рЃ«рЃЮрЃџрЃЏрЃћ. ',167,19,153),(182,'рЃњрЃўрЃЮрЃарЃњрЃў, рЃцрЃЮрЃарЃЏрЃљ рЃЏрЃБрЃерЃљрЃЮрЃЉрЃА, рЃЌрЃљрЃюрЃљрЃф рЃЮрЃарЃўрЃЋрЃћ. рЃЎрЃљрЃарЃњрЃўрЃљ.\n\nрЃЮрЃдрЃЮрЃюрЃЊ :рЃЊ :\nрЃЎрЃљрЃџрЃЎрЃБрЃџрЃљрЃбрЃЮрЃарЃерЃў:\n1. <input typer=\"text\" id=\"pirveli\" name=\"first\"/>\nрЃбрЃљрЃўрЃърЃерЃў рЃњрЃљрЃЦрЃЋрЃА r рЃљрЃАрЃЮ рЃњрЃљрЃърЃљрЃарЃБрЃџрЃў рЃЊрЃљ рЃљрЃа рЃерЃћрЃўрЃФрЃџрЃћрЃЉрЃљ рЃЏрЃљрЃАрЃћ, рЃЦрЃарЃЮрЃЏрЃў рЃњрЃљрЃърЃљрЃбрЃўрЃћрЃЉрЃА рЃЏрЃљрЃњрЃарЃљрЃЏ рЃерЃћрЃфрЃЊрЃЮрЃЏрЃљрЃљ.\n2.         </seletc> рЃћрЃАрЃћрЃф рЃљрЃАрЃЮрЃћрЃЉрЃўрЃА рЃљрЃарЃљрЃАрЃгрЃЮрЃарЃў рЃЏрЃўрЃЏрЃЊрЃћрЃЋрЃарЃЮрЃЉрЃљрЃљ, рЃЎрЃљрЃарЃњрЃўрЃљ рЃарЃЮрЃЏ рЃ«рЃћрЃџрЃўрЃЌ рЃгрЃћрЃа рЃЊрЃљ рЃћрЃЊрЃўрЃбрЃЮрЃарЃА рЃљрЃа рЃўрЃерЃЋрЃћрЃџрЃўрЃћрЃЉ рЃЏрЃљрЃњрЃарЃљрЃЏ рЃерЃћрЃфрЃЊрЃЮрЃЏрЃљрЃљ рЃћрЃАрЃћ рЃгрЃћрЃарЃљ.\n3. 4 рЃ«рЃљрЃќрЃќрЃћ </html> рЃњрЃљрЃЦрЃЋрЃА рЃЊрЃљрЃ«рЃБрЃарЃБрЃџрЃў рЃЊрЃљ рЃћрЃњ рЃАрЃљрЃћрЃарЃЌрЃЮрЃЊ рЃЏрЃўрЃБрЃдрЃћрЃЉрЃћрЃџрЃўрЃљ\n4. input-рЃћрЃЉрЃА рЃарЃЮрЃфрЃљ рЃЦрЃЏрЃюрЃў рЃДрЃЮрЃЋрЃћрЃџрЃЌрЃЋрЃўрЃА рЃерЃћрЃћрЃфрЃљрЃЊрЃћ рЃџрЃћрЃўрЃЉрЃџрЃў (label) рЃњрЃљрЃБрЃгрЃћрЃарЃЮ, рЃерЃћрЃфрЃЊрЃЮрЃЏрЃљ рЃљрЃа рЃљрЃарЃўрЃА рЃЏрЃљрЃњрЃарЃљрЃЏ рЃфрЃБрЃЊрЃў рЃърЃарЃљрЃЦрЃбрЃўрЃЎрЃљрЃљ рЃБрЃџрЃћрЃўрЃЉрЃџрЃЮрЃЌ рЃцрЃЮрЃарЃЏрЃўрЃА рЃћрЃџрЃћрЃЏрЃћрЃюрЃбрЃћрЃЉрЃў.\n\nрЃњрЃБрЃњрЃџ рЃАрЃћрЃарЃЕрЃерЃўрЃф:\n <labe for=\"рЃФрЃўрЃћрЃЉрЃљ\">рЃФрЃўрЃћрЃЉрЃљ google рЃерЃў</label>\nl рЃљрЃАрЃЮ рЃњрЃљрЃЦрЃЋрЃА рЃњрЃљрЃЏрЃЮрЃбрЃЮрЃЋрЃћрЃЉрЃБрЃџрЃў рЃърЃўрЃарЃЋрЃћрЃџ рЃбрЃћрЃњрЃерЃў, рЃарЃљрЃф рЃерЃћрЃфрЃЊрЃЮрЃЏрЃљрЃљ. рЃљрЃЏрЃћрЃћрЃЉрЃА рЃюрЃћрЃџрЃюрЃћрЃџрЃљ рЃЊрЃљрЃљрЃЏрЃБрЃдрЃљрЃЏрЃћрЃЉ. рЃЏрЃљрЃњрЃарЃљрЃЏ рЃДрЃБрЃарЃљрЃЊрЃдрЃћрЃЉрЃљ рЃБрЃюрЃЊрЃљ рЃЏрЃўрЃљрЃЦрЃфрЃўрЃЮ рЃарЃљ. \n\nрЃЏрЃЌрЃџрЃўрЃљрЃюрЃЮрЃЉрЃљрЃерЃў рЃДрЃЮрЃЕрЃљрЃд',167,19,160),(183,'рЃЏрЃљрЃЊрЃџрЃЮрЃЉрЃљ <3',111,20,111),(184,'рЃњрЃљрЃАрЃљрЃњрЃћрЃЉрЃўрЃљ, рЃЎрЃљрЃџрЃЎрЃБрЃџрЃљрЃбрЃЮрЃарЃў рЃарЃљрЃЏрЃЊрЃћрЃюрЃўрЃЏрЃћрЃ»рЃћрЃа рЃЊрЃљрЃЋрЃгрЃћрЃарЃћ рЃЊрЃљ рЃЌрЃўрЃЌрЃЦрЃЏрЃўрЃА рЃДрЃЋрЃћрЃџрЃљрЃА рЃњрЃљрЃЋрЃБрЃгрЃћрЃарЃћ рЃџрЃћрЃўрЃЉрЃџрЃў, рЃарЃљрЃф рЃњрЃљрЃЏрЃЮрЃЋрЃњрЃќрЃљрЃЋрЃюрЃћ рЃЏрЃљрЃарЃбрЃЮ рЃўрЃЏрЃљрЃќрЃћ рЃњрЃљрЃЏрЃЮрЃЏрЃарЃЕрЃћрЃюрЃўрЃљ. рЃЏрЃљрЃЊрЃџрЃЮрЃЉрЃљ',150,19,150),(185,'google search task',118,21,118),(186,'рЃЏрЃљрЃЊрЃџрЃЮрЃЉрЃљ рЃќрЃБрЃЎрЃљ РЮц№ИЈ  рЃЌрЃЦрЃЋрЃћрЃю рЃарЃљрЃЏрЃ«рЃћрЃџрЃљ рЃћрЃюрЃћрЃарЃњрЃўрЃљрЃА рЃЊрЃљ рЃерЃарЃЮрЃЏрЃљрЃАрЃљрЃф рЃЊрЃћрЃЉрЃЌ рЃАрЃ«рЃЋрЃљрЃюрЃљрЃўрЃарЃљрЃЊ рЃљрЃарЃф рЃерЃћрЃўрЃФрЃџрЃћрЃЉрЃљ, рЃЕрЃЋрЃћрЃюрЃф рЃБрЃюрЃЊрЃљ рЃЏрЃЮрЃЋрЃўрЃюрЃЊрЃЮрЃЏрЃЮрЃЌ РЮц№ИЈ ',149,20,149),(187,'ok calcalke avtvirtav ьайь▒Їьа╝ь┐╝ьайь▒Їьа╝ь┐╝ьа╝ь╝ъ',153,19,153),(188,'рЃЏрЃљрЃЊрЃџрЃЮрЃЉрЃљ  рЃЏрЃљрЃЊрЃџрЃЮрЃЉрЃљ , рЃњрЃљрЃАрЃљрЃњрЃћрЃЉрЃўрЃљ рЃњрЃљрЃЋрЃўрЃЌрЃЋрЃљрЃџрЃўрЃАрЃгрЃўрЃюрЃћрЃЉ\n',112,19,112),(189,'рЃЉрЃљрЃбрЃЮрЃюрЃЮ рЃќрЃБрЃЎрЃўрЃЕ рЃњрЃљрЃЏрЃЮрЃФрЃўрЃюрЃћрЃЉрЃБрЃџрЃў рЃџрЃћрЃЦрЃфрЃўрЃўрЃЊрЃљрЃю рЃњрЃљрЃЏрЃЮрЃАрЃБрЃџрЃў рЃЉрЃљрЃбрЃЮрЃюрЃў рЃЊрЃљрЃЋрЃўрЃЌрЃў рЃњрЃўрЃњрЃњрЃќрЃљрЃЋрЃюрЃўрЃЌ рЃЊрЃљрЃЋрЃљрЃџрЃћрЃЉрЃљрЃА !',170,21,170),(190,'momayaret shenishvnebi <333333 xd',133,21,133),(191,'рЃЊрЃљрЃЋрЃљрЃџрЃћрЃЉрЃўрЃА рЃЮрЃюрЃџрЃљрЃўрЃю рЃџрЃўрЃюрЃЎрЃў рЃЊрЃљрЃАрЃљрЃцрЃўрЃЦрЃАрЃўрЃљ\n',271,19,271),(192,'рЃЋрЃўрЃЊрЃћрЃЮ рЃарЃљрЃф рЃЕрЃљрЃЋрЃАрЃЋрЃў рЃљрЃгрЃўрЃЌрЃџрЃћрЃЉрЃА !рЃЊрЃљрЃАрЃљрЃцрЃўрЃЦрЃАрЃўрЃљ!\n',271,9,271),(193,'!awitlebs ragaceebs!\n',271,8,271),(194,'рЃџрЃБрЃЎрЃљ, рЃДрЃЋрЃћрЃџрЃљрЃцрЃћрЃарЃў рЃАрЃгрЃЮрЃарЃўрЃљ.\nрЃћрЃарЃЌрЃљрЃЊрЃћрЃарЃЌрЃў рЃарЃљрЃф рЃЎрЃљрЃарЃњрЃўрЃљ рЃарЃЮ рЃњрЃљрЃўрЃЌрЃЋрЃљрЃџрЃўрЃАрЃгрЃўрЃюрЃЮ рЃ«рЃЮрЃџрЃЏрЃћ рЃЏрЃЮрЃЏрЃљрЃЋрЃљрЃџрЃерЃў,  рЃўрЃюрЃцрЃБрЃЌрЃўрЃА рЃћрЃџрЃћрЃЏрЃћрЃюрЃбрЃА рЃарЃЮрЃЊрЃћрЃАрЃљрЃф рЃЦрЃЏрЃюрЃў, label рЃњрЃљрЃБрЃгрЃћрЃарЃћ рЃ«рЃЮрЃџрЃЏрЃћ рЃДрЃЮрЃЋрЃћрЃџрЃЌрЃЋрЃўрЃА. рЃЎрЃљрЃарЃњрЃў рЃърЃарЃљрЃЦрЃбрЃўрЃЎрЃљрЃљ\n\nрЃЊрЃљрЃЋрЃљрЃџрЃћрЃЉрЃљ рЃАрЃгрЃЮрЃарЃљрЃЊ рЃњрЃљрЃЦрЃЋрЃА рЃњрЃљрЃЎрЃћрЃЌрЃћрЃЉрЃБрЃџрЃў',167,20,118),(195,'рЃџрЃБрЃЎрЃљ рЃћрЃА рЃЮрЃарЃ»рЃћрЃа рЃљрЃбрЃЋрЃўрЃарЃЌрЃћ? рЃерЃћрЃћрЃфрЃљрЃЊрЃћ рЃ«рЃЮрЃџрЃЏрЃћ рЃЊрЃљрЃЋрЃљрЃџрЃћрЃЉрЃљ рЃўрЃЏ рЃерЃћрЃ«рЃЋрЃћрЃЊрЃарЃљрЃА рЃЏрЃўрЃљрЃЏрЃљрЃњрЃарЃЮ, рЃарЃЮрЃЏрЃћрЃџ рЃЌрЃћрЃЏрЃљрЃАрЃљрЃф рЃћрЃ«рЃћрЃЉрЃљ',167,21,118),(196,'рЃърЃљрЃърЃБрЃюрЃљ, рЃЎрЃљрЃарЃњрЃў рЃюрЃљрЃЏрЃБрЃерЃћрЃЋрЃљрЃарЃўрЃљ.\nрЃерЃћрЃфрЃЊрЃЮрЃЏрЃљ рЃљрЃа рЃљрЃарЃўрЃА, рЃЏрЃљрЃњрЃарЃљрЃЏ рЃЎрЃљрЃарЃњрЃў рЃърЃарЃљрЃЦрЃбрЃўрЃЎрЃљрЃљ input рЃЊрЃљ select рЃћрЃџрЃћрЃЏрЃћрЃюрЃбрЃћрЃЉрЃА рЃДрЃЮрЃЋрЃћрЃџрЃЌрЃЋрЃўрЃА рЃњрЃљрЃБрЃгрЃћрЃарЃЮ label рЃћрЃџрЃћрЃЏрЃћрЃюрЃбрЃў. рЃЎрЃљрЃарЃњрЃА рЃўрЃќрЃљрЃЋ рЃљрЃЏрЃљрЃА рЃЕрЃЋрЃћрЃЋрЃљрЃАрЃљрЃЋрЃўрЃЌ рЃЌрЃБ рЃњрЃљрЃўрЃ«рЃЊрЃў. ',167,19,132),(197,'рЃЮрЃЏрЃљрЃа,\n\nрЃЎрЃЮрЃЊрЃў рЃњрЃљрЃЏрЃљрЃарЃЌрЃБрЃџрЃўрЃљ, рЃЏрЃљрЃњрЃарЃљрЃЏ рЃАрЃбрЃарЃБрЃЦрЃбрЃБрЃарЃљ рЃерЃћрЃњрЃћрЃФрЃџрЃЮ div рЃћрЃџрЃћрЃЏрЃћрЃюрЃбрЃерЃў рЃЏрЃЮрЃњрЃћрЃЦрЃфрЃўрЃљ рЃЊрЃљ рЃЎрЃљрЃарЃњрЃљрЃЊ рЃњрЃљрЃАрЃбрЃўрЃџрЃљрЃЋрЃЊрЃў.\n\nрЃљрЃў рЃЊрЃљрЃЋрЃљрЃџрЃћрЃЉрЃўрЃА рЃЋрЃўрЃќрЃБрЃљрЃџрЃА рЃарЃЮрЃЏ рЃЊрЃљрЃљрЃЎрЃЋрЃўрЃарЃЊрЃћ, \n\nрЃарЃљ рЃерЃћрЃЋрЃБрЃЎрЃЋрЃћрЃЌрЃћ:\n1. About the LEGEND рЃбрЃћрЃЦрЃАрЃбрЃў рЃЊрЃљ рЃЏрЃўрЃА рЃЦрЃЋрЃћрЃЏрЃЮрЃЌ рЃљрЃарЃАрЃћрЃЉрЃБрЃџрЃў рЃбрЃћрЃЦрЃАрЃбрЃћрЃЉрЃў рЃЕрЃљрЃарЃЕрЃЮрЃерЃўрЃљ, рЃАрЃ«рЃЋрЃљ рЃбрЃЮрЃюрЃўрЃА рЃЏрЃгрЃЋрЃљрЃюрЃћрЃерЃў, рЃюрЃБ рЃЕрЃарЃЊрЃўрЃџрЃћрЃЉрЃўрЃф рЃАрЃљрЃГрЃўрЃарЃЮ рЃўрЃДрЃЮ рЃЏрЃљрЃњрЃарЃљрЃЏ рЃЏрЃћрЃАрЃЏрЃўрЃА рЃљрЃа рЃњрЃљрЃњрЃЋрЃўрЃЋрЃџрЃўрЃљ box-shadow.\n2. unordered list-рЃћрЃџрЃћрЃЏрЃћрЃюрЃбрЃўрЃА рЃгрЃћрЃарЃбрЃўрЃџрЃћрЃЉрЃў рЃўрЃЏрЃљрЃЋрЃћ div-рЃерЃў рЃБрЃюрЃЊрЃљ рЃДрЃЮрЃцрЃўрЃџрЃўрЃДрЃЮ рЃЊрЃљ рЃЊрЃўрЃА рЃАрЃўрЃњрЃљрЃюрЃћ рЃЦрЃЮрЃюрЃЮрЃЊрЃљ рЃњрЃљрЃюрЃАрЃљрЃќрЃдрЃЋрЃарЃБрЃџрЃў, рЃўрЃЦрЃЋрЃћ рЃџрЃљрЃЏрЃљрЃќрЃљрЃЊ рЃЕрЃљрЃЏрЃгрЃЎрЃарЃўрЃЋрЃћрЃЉрЃБрЃџрЃўрЃДрЃЮ.\n\nрЃарЃљ рЃЕрЃљрЃЏрЃЮрЃЋрЃўрЃЊрЃљ:\n1. рЃерЃћрЃю рЃДрЃЋрЃћрЃџрЃљрЃцрЃћрЃарЃў body-рЃерЃў рЃњрЃљрЃЦрЃЋрЃА рЃЊрЃљ рЃерЃћрЃАрЃљрЃЉрЃљрЃЏрЃўрЃАрЃљрЃЊ рЃЋрЃћрЃа рЃАрЃљрЃќрЃдрЃЋрЃарЃљрЃЋ.\n2. рЃерЃћрЃю рЃАрЃљрЃЊрЃдрЃљрЃф рЃЏрЃљрЃарЃфрЃ«рЃюрЃўрЃЋ рЃњрЃљрЃЦ рЃњрЃљрЃюрЃџрЃљрЃњрЃћрЃЉрЃБрЃџрЃў рЃЊрЃљ рЃбрЃћрЃЦрЃАрЃбрЃўрЃф рЃўрЃЏрЃўрЃбрЃЮ рЃљрЃарЃўрЃА рЃАрЃўрЃЏрЃћрЃбрЃарЃўрЃБрЃџрЃў рЃарЃЮрЃЏ рЃўрЃњрЃўрЃЋрЃћ рЃарЃљрЃЮрЃЊрЃћрЃюрЃЮрЃЉрЃўрЃА рЃАрЃўрЃбрЃДрЃЋрЃћрЃЉрЃў рЃњрЃљрЃЦрЃЋрЃА рЃЕрЃљрЃџрЃљрЃњрЃћрЃЉрЃБрЃџрЃў :)))\n\nрЃЏрЃЮрЃЊрЃў рЃњрЃљрЃЏрЃЮрЃљрЃАрЃгрЃЮрЃарЃћ рЃћрЃњрЃћрЃюрЃў\nрЃЏрЃЌрЃџрЃўрЃљрЃюрЃЮрЃЉрЃљрЃерЃў рЃЎрЃљрЃарЃњрЃўрЃљ',167,21,133),(198,'рЃ░рЃЮ, рЃЦрЃЋрЃћрЃЏрЃЮрЃЌ footer-рЃўрЃф рЃљрЃа рЃњрЃљрЃЦ, рЃарЃљрЃдрЃљрЃф рЃбрЃћрЃЦрЃАрЃбрЃћрЃЉрЃўрЃљ рЃЕрЃљрЃџрЃљрЃњрЃћрЃЉрЃБрЃџрЃў рЃАрЃБрЃарЃљрЃЌрЃерЃў.',167,21,133),(199,'рЃ░рЃЮ рЃЎрЃўрЃЊрЃћ, рЃќрЃћрЃЏрЃЮрЃЊрЃљрЃю: <ul> рЃерЃў рЃърЃўрЃарЃЊрЃљрЃърЃўрЃа <br>-рЃА рЃњрЃљрЃЏрЃЮрЃДрЃћрЃюрЃћрЃЉрЃљ рЃљрЃа рЃерЃћрЃўрЃФрЃџрЃћрЃЉрЃљ',167,21,133),(200,'рЃарЃћрЃЋрЃљрЃќ, \nIron man:\nрЃЊрЃљрЃЋрЃљрЃџрЃћрЃЉрЃљ рЃАрЃгрЃЮрЃарЃљрЃЊ рЃњрЃљрЃЦрЃЋрЃА рЃњрЃљрЃЎрЃћрЃЌрЃћрЃЉрЃБрЃџрЃў, рЃўрЃА рЃАрЃбрЃўрЃџрЃћрЃЉрЃў рЃарЃљрЃф рЃњрЃљрЃЋрЃўрЃљрЃарЃћрЃЌ рЃњрЃљрЃЏрЃЮрЃДрЃћрЃюрЃћрЃЉрЃБрЃџрЃў рЃњрЃљрЃЦ рЃЊрЃљ рЃЎрЃљрЃарЃњрЃўрЃљ рЃАрЃћрЃЏрЃљрЃюрЃбрЃўрЃЎрЃБрЃарЃў рЃћрЃџрЃћрЃЏрЃћрЃюрЃбрЃў рЃарЃЮрЃњрЃЮрЃарЃўрЃфрЃљрЃљ рЃЏрЃљрЃњрЃљрЃџрЃўрЃЌрЃљрЃЊ header рЃњрЃљрЃЏрЃЮрЃўрЃДрЃћрЃюрЃћ.\n\nрЃБрЃЉрЃарЃљрЃџрЃЮрЃЊ рЃарЃљрЃЏрЃЊрЃћрЃюрЃўрЃЏрЃћ рЃЊрЃћрЃбрЃљрЃџрЃўрЃљ рЃўрЃАрЃћрЃЋ рЃАрЃбрЃарЃБрЃЦрЃбрЃБрЃарЃБрЃџрЃў рЃарЃЮрЃЏрЃџрЃўрЃА рЃњрЃљрЃЏрЃЮрЃАрЃгрЃЮрЃарЃћрЃЉрЃљрЃф рЃЎрЃљрЃарЃњрЃў рЃўрЃЦрЃюрЃћрЃЉрЃЮрЃЊрЃљ:\nunordered list -рЃерЃў paragraph рЃћрЃџрЃћрЃЏрЃћрЃюрЃбрЃў рЃљрЃа рЃњрЃГрЃўрЃарЃЊрЃћрЃЉрЃљ, рЃърЃўрЃарЃЊрЃљрЃърЃўрЃа рЃбрЃћрЃЦрЃАрЃбрЃў рЃерЃћрЃњрЃўрЃФрЃџрЃўрЃљ рЃЕрЃљрЃгрЃћрЃарЃЮ рЃ«рЃЮрЃџрЃЏрЃћ.\n\nрЃЊрЃљ рЃљрЃАрЃћрЃЋрЃћ рЃАрЃБрЃџ рЃЦрЃЋрЃћрЃЏрЃЮрЃЌ footer class рЃЎрЃў рЃЋрЃюрЃљрЃ«рЃћ рЃЏрЃљрЃњрЃарЃљрЃЏ <footer> рЃћрЃџрЃћрЃЏрЃћрЃюрЃбрЃўрЃф рЃерЃћрЃњрЃћрЃФрЃџрЃЮ рЃњрЃљрЃЏрЃЮрЃњрЃћрЃДрЃћрЃюрЃћрЃЉрЃўрЃюрЃљ рЃЊрЃљ p рЃерЃўрЃњрЃюрЃўрЃЌ рЃЕрЃљрЃњрЃћрЃАрЃЋрЃљ.\n\nрЃЊрЃљрЃЋрЃљрЃџрЃћрЃЉрЃљ рЃБрЃерЃћрЃфрЃЊрЃЮрЃЏрЃЮрЃљ',167,21,138),(201,'Survey form-рЃерЃў рЃЋрЃћрЃарЃљрЃцрЃћрЃарЃў рЃерЃћрЃфрЃЊрЃЮрЃЏрЃљ рЃЋрЃћрЃа рЃЋрЃўрЃърЃЮрЃЋрЃћ. рЃЎрЃљрЃарЃњрЃўрЃљ <3',167,21,138),(202,'рЃЏрЃљрЃЊрЃџрЃЮрЃЉ рЃќрЃБрЃЎрЃљ, рЃњрЃљрЃЋрЃўрЃЌрЃЋрЃљрЃџрЃўрЃАрЃгрЃўрЃюрЃћрЃЉ рЃДрЃЋрЃћрЃџрЃљрЃцрЃћрЃарЃА',138,21,138),(203,'<3 <3 ',167,20,149),(204,'рЃърЃЮрЃќрЃўрЃфрЃўрЃћрЃЉрЃА рЃарЃЮрЃЊрЃўрЃА рЃњрЃљрЃЋрЃўрЃЋрЃџрЃўрЃЌ рЃћрЃарЃЌрЃў рЃАрЃБрЃџрЃў рЃЏрЃљрЃЦ рЃарЃЮ absolute рЃљрЃдрЃљрЃа рЃЋрЃгрЃћрЃарЃЮ рЃЊрЃљрЃЋрЃўрЃбрЃљрЃюрЃ»рЃћ рЃќрЃЮрЃЏрЃћрЃЉрЃўрЃА рЃАрЃгрЃЮрЃарЃћрЃЉрЃўрЃЌ :D \nрЃарЃљрЃЏрЃЊрЃћрЃюрЃўрЃЏрЃћ div рЃА рЃЌрЃБ рЃЋрЃљрЃћрЃарЃЌрЃўрЃљрЃюрЃћрЃЉ рЃЎрЃўрЃЊрЃћ flex рЃЋрЃбрЃћрЃюрЃў рЃ«рЃЮрЃџрЃЏрЃћ рЃЏрЃљрЃарЃљ рЃЋрЃћрЃа рЃЋрЃљрЃџрЃљрЃњрЃћрЃЉ рЃюрЃЮрЃарЃЏрЃљрЃџрЃБрЃарЃљрЃЊ \n',138,21,138),(205,'рЃљрЃарЃљрЃцрЃарЃўрЃА. Flexbox рЃќрЃћ рЃўрЃЦрЃюрЃћрЃЉрЃљ рЃДрЃЋрЃћрЃџрЃљрЃќрЃћ рЃЎрЃљрЃарЃњрЃў рЃЊрЃљ рЃЏрЃљрЃюрЃљрЃЏрЃЊрЃћ display рЃћрЃЉрЃА рЃњрЃљрЃЋрЃўрЃЋрЃџрЃўрЃЌ рЃЏрЃљрЃњрЃўрЃЌрЃљрЃф рЃЎрЃљрЃарЃњрЃўрЃљ',167,21,138),(206,'рЃљрЃарЃљрЃцрЃарЃўрЃА рЃљрЃЕрЃў',167,19,150),(207,'рЃърЃўрЃарЃЋрЃћрЃџрЃў рЃњрЃљрЃЎрЃЋрЃћрЃЌрЃўрЃџрЃўрЃА рЃЋрЃћрЃџрЃерЃў рЃљрЃЋрЃбрЃўрЃЋрЃЌрЃћ рЃцрЃљрЃўрЃџрЃћрЃЉрЃў, рЃЏрЃљрЃЦрЃАрЃўрЃЏрЃўрЃџрЃўрЃљрЃю рЃерЃЋрЃљрЃарЃфрЃЏрЃўрЃБрЃџрЃћрЃарЃўрЃА рЃЎрЃБрЃарЃАрЃА рЃњрЃљрЃЋрЃЊрЃўрЃЮрЃЊрЃў рЃљрЃЊрЃарЃћ рЃЊрЃљ рЃЉрЃџрЃЮрЃЏрЃљрЃЊ рЃњрЃБрЃњрЃџрЃў рЃЎрЃў рЃЊрЃљрЃЋрЃўрЃ«рЃЏрЃљрЃарЃћ рЃњрЃљрЃюрЃАрЃљрЃЎрЃБрЃЌрЃарЃћрЃЉрЃўрЃЌ рЃЉрЃБрЃарЃњрЃћрЃарЃЏрЃћрЃюрЃўрЃБрЃќрЃћ рЃЏрЃљрЃарЃљ рЃЏрЃњрЃЮрЃюрЃў рЃфрЃБрЃЊрЃў рЃљрЃа рЃњрЃљрЃЏрЃЮрЃЋрЃўрЃЊрЃљ \n',138,21,138),(208,'рЃарЃљрЃЏрЃћ рЃарЃЕрЃћрЃЋрЃљрЃА рЃўрЃЦрЃљрЃф рЃЌрЃБ рЃЏрЃЮрЃЏрЃфрЃћрЃЏрЃЊрЃў рЃЏрЃљрЃЊрЃџрЃЮрЃЉрЃћрЃџрЃў рЃЋрЃўрЃЦрЃюрЃћрЃЉрЃў рЃЋрЃћрЃЊрЃћрЃЉрЃў рЃњрЃљрЃЋрЃљрЃАрЃгрЃЮрЃарЃЮ рЃЌрЃБ рЃарЃљрЃЏрЃћрЃљ',138,21,138),(209,'рЃЌрЃљрЃЏрЃљрЃа:\n\nSurvey form - рЃЏрЃљрЃњрЃљрЃарЃў рЃ«рЃљрЃа! рЃЎрЃљрЃарЃњрЃў рЃюрЃљрЃЏрЃБрЃерЃћрЃЋрЃљрЃарЃўрЃљ.\n2 рЃерЃћрЃфрЃЊрЃЮрЃЏрЃљ рЃњрЃўрЃърЃЮрЃЋрЃћ:\n1. id рЃћрЃЉрЃА рЃарЃЮрЃЊрЃћрЃАрЃљрЃф рЃАрЃљрЃќрЃдрЃЋрЃарЃљрЃЋ \" рЃЉрЃарЃГрЃДрЃљрЃџрЃћрЃЉрЃерЃў рЃљрЃа рЃАрЃЋрЃљрЃЋ рЃбрЃћрЃЦрЃАрЃбрЃА рЃарЃљрЃф рЃфрЃБрЃЊрЃў рЃерЃћрЃфрЃЊрЃЮрЃЏрЃљрЃљ.\n2. рЃћрЃарЃЌ-рЃћрЃарЃЌрЃў id, id=\"text\" рЃњрЃљрЃЦрЃЋрЃА 2 рЃ»рЃћрЃа рЃњрЃљрЃЏрЃЮрЃДрЃћрЃюрЃћрЃЉрЃБрЃџрЃў рЃћрЃарЃЌрЃАрЃљ рЃЊрЃљ рЃўрЃЏрЃљрЃЋрЃћ рЃњрЃЋрЃћрЃарЃЊрЃќрЃћ, рЃарЃљрЃф рЃерЃћрЃфрЃЊрЃЮрЃЏрЃљрЃљ. рЃљрЃўрЃЊрЃў рЃБрЃюрЃЊрЃљ рЃўрЃДрЃЮрЃА рЃБрЃюрЃўрЃЎрЃљрЃџрЃБрЃарЃў.\n\nIronman: \n<img src=\"../index.html/images/Marvel-avengers-infinity-war-iron-man-sixth-scale-figure-hot-toys-silo-903421.webp\" />\nрЃћрЃА src рЃЋрЃўрЃЌрЃЮрЃЏ рЃљрЃа рЃЏрЃўрЃюрЃљрЃ«рЃљрЃЋрЃА :рЃЊ index.html-рЃерЃў рЃћрЃФрЃћрЃЉ рЃцрЃЮрЃџрЃЊрЃћрЃарЃА рЃЊрЃљ рЃЏрЃћрЃарЃћ рЃцрЃЮрЃбрЃЮрЃА? :? :рЃЊ <3 \n\nрЃцрЃЮрЃбрЃЮ рЃљрЃа рЃљрЃбрЃЋрЃўрЃарЃЌрЃБрЃџрЃљ. рЃЊрЃљ рЃерЃћрЃАрЃљрЃЉрЃљрЃЏрЃўрЃАрЃљрЃЊ рЃљрЃа рЃЏрЃўрЃЏрЃљрЃњрЃарЃћрЃЉрЃБрЃџрЃљ.\nрЃЊрЃљрЃЋрЃљрЃџрЃћрЃЉрЃљ рЃАрЃгрЃЮрЃарЃљрЃЊ рЃљрЃарЃўрЃА рЃерЃћрЃАрЃарЃБрЃџрЃћрЃЉрЃБрЃџрЃў, рЃћрЃарЃЌрЃљрЃЊрЃћрЃарЃЌрЃў рЃЦрЃЋрЃћрЃЏрЃЮрЃЌ рЃЏрЃўрЃюрЃЊрЃЮрЃЊрЃљ footer рЃњрЃљрЃЏрЃЮрЃњрЃћрЃДрЃћрЃюрЃћрЃЉрЃўрЃюрЃљ рЃЊрЃљ рЃўрЃА рЃбрЃћрЃЦрЃАрЃбрЃў рЃЕрЃљрЃњрЃћрЃгрЃћрЃарЃљ, рЃЊрЃљрЃЋрЃљрЃџрЃћрЃЉрЃўрЃА рЃцрЃЮрЃбрЃЮрЃА рЃЦрЃЋрЃћрЃЊрЃљ рЃюрЃљрЃгрЃўрЃџрЃерЃў рЃарЃЮрЃЏрЃљрЃљ.\n\nрЃЏрЃЌрЃџрЃўрЃљрЃюрЃЮрЃЉрЃљрЃерЃў рЃЎрЃљрЃарЃњрЃўрЃљ, рЃЏрЃЮрЃЏрЃгрЃЮрЃюрЃА рЃарЃЮрЃњрЃЮрЃарЃф рЃЏрЃБрЃерЃљрЃЮрЃЉ <3',167,21,165),(210,'рЃЏрЃљрЃЦрЃАрЃўрЃЏрЃўрЃџрЃўрЃљрЃюрЃў рЃЏрЃљрЃњрЃљрЃарЃў рЃФрЃЏрЃљрЃљ :)) рЃЏрЃћрЃф рЃЉрЃћрЃЋрЃарЃў рЃЏрЃљрЃАрЃгрЃљрЃЋрЃџрЃљ. рЃњрЃљрЃЊрЃљрЃЋрЃ«рЃћрЃЊрЃљрЃЋ рЃЊрЃљ рЃЊрЃљрЃЋрЃљрЃЎрЃЮрЃЏрЃћрЃюрЃбрЃљрЃарЃћрЃЉ рЃљрЃБрЃфрЃўрЃџрЃћрЃЉрЃџрЃљрЃЊ ',167,21,138),(211,'рЃўрЃарЃљрЃЎрЃџрЃў рЃЎрЃљрЃарЃњрЃљрЃЊ рЃЋрЃћрЃа рЃЏрЃўрЃЋрЃ«рЃЋрЃЊрЃў рЃърЃарЃћрЃќрЃћрЃюрЃбрЃљрЃфрЃўрЃўрЃА рЃЏрЃўрЃќрЃљрЃюрЃА, рЃљрЃџрЃЉрЃљрЃЌ рЃЉрЃџрЃЮрЃњрЃўрЃАрЃЌрЃЋрЃўрЃА рЃЊрЃљрЃгрЃћрЃарЃћ рЃ«рЃЮ? рЃюрЃљрЃЏрЃБрЃерЃћрЃЋрЃљрЃарЃў рЃЎрЃљрЃарЃњрЃўрЃљ',167,22,238),(212,'рЃЉрЃљрЃбрЃЮрЃюрЃЮ рЃЊрЃљрЃЋрЃўрЃЌ рЃљрЃЏ рЃерЃћрЃ«рЃЋрЃћрЃЊрЃарЃўрЃА рЃърЃўрЃарЃЋрЃћрЃџрЃў рЃЊрЃљрЃЋрЃљрЃџрЃћрЃЉрЃљрЃф рЃЏрЃўрЃљрЃбрЃЋрЃўрЃарЃЌрЃћрЃЌ \"рЃЉрЃљрЃарЃћрЃдрЃљрЃЏ\" :рЃЊрЃЊ',167,21,170),(213,'<center> рЃћрЃџрЃћрЃЏрЃћрЃюрЃбрЃА рЃЎрЃўрЃЊрЃћрЃЋ рЃћрЃарЃЌрЃ«рЃћрЃџ рЃњрЃљрЃЏрЃЮрЃўрЃДрЃћрЃюрЃћрЃЉ рЃЊрЃљ рЃЊрЃљрЃЋрЃљрЃџрЃћрЃЉрЃљрЃА рЃљрЃдрЃљрЃарЃљрЃАрЃЊрЃарЃЮрЃА рЃњрЃљрЃЏрЃЮрЃњрЃўрЃњрЃќрЃљрЃЋрЃюрЃў :рЃЊ рЃЊрЃљрЃарЃЕрЃћрЃЉрЃў рЃарЃЮрЃњрЃЮрЃарЃф рЃЏрЃўрЃерЃљ рЃўрЃбрЃДрЃЮрЃЊрЃљ рЃ«рЃћрЃџрЃЮрЃАрЃљрЃюрЃў рЃърЃарЃљрЃњрЃарЃљрЃЏрЃўрЃАрЃбрЃў :рЃЊ ',167,21,170),(214,'рЃбрЃћрЃЦрЃАрЃбрЃљрЃарЃћрЃљрЃА рЃљрЃа рЃљрЃЦрЃЋрЃА рЃџрЃћрЃўрЃЉрЃџрЃў, рЃљрЃарЃљрЃЊрЃљ рЃБрЃюрЃЊрЃљ. div-рЃА padding: 20px; рЃњрЃљрЃБрЃгрЃћрЃарЃћ рЃЊрЃљ рЃЏрЃЌрЃџрЃљрЃЊ рЃњрЃљрЃџрЃљрЃЏрЃљрЃќрЃЊрЃћрЃЉрЃљ. рЃЕрЃћрЃЦрЃЉрЃЮрЃЦрЃАрЃћрЃЉрЃерЃў рЃърЃўрЃарЃЋрЃћрЃџрЃў рЃћрЃџрЃћрЃЏрЃћрЃюрЃбрЃў рЃњрЃљрЃЦ рЃфрЃБрЃЊрЃљрЃЊ. рЃЊрЃљрЃюрЃљрЃарЃЕрЃћрЃюрЃў рЃЎрЃљрЃарЃњрЃўрЃљ рЃДрЃЋрЃћрЃџрЃљрЃцрЃћрЃарЃў',167,21,170),(215,'magrad vicvale youtubec daviaxmare mara araushavs :D ragacas gavs ra',161,21,161),(216,'рЃ░рЃљрЃ░рЃљрЃ░рЃљрЃ░рЃљ :рЃЊ рЃФрЃљрЃљрЃю рЃЎрЃљрЃарЃњрЃўрЃљ рЃюрЃўрЃЎрЃљ. рЃФрЃљрЃдрЃџрЃўрЃА рЃцрЃЮрЃбрЃЮ рЃљрЃа рЃљрЃўрЃбрЃЋрЃўрЃарЃЌрЃљ рЃЊрЃљ рЃЌрЃљрЃЋрЃўрЃЊрЃљрЃю рЃфрЃљрЃЊрЃћ. \nрЃАрЃ«рЃЋрЃљ рЃЊрЃљрЃЋрЃљрЃџрЃћрЃЉрЃћрЃЉрЃўрЃф рЃљрЃбрЃЋрЃўрЃарЃЌрЃћ.\n\nрЃЏрЃЮрЃЎрЃџрЃћрЃЊ рЃДрЃЮрЃЕрЃљрЃд <3',167,8,277),(217,'рЃџрЃўрЃюрЃЎрЃў рЃЎрЃў рЃљрЃа рЃўрЃДрЃЮ рЃЊрЃљрЃАрЃљрЃцрЃўрЃЦрЃАрЃў, рЃцрЃљрЃўрЃџрЃў рЃўрЃДрЃЮ рЃљрЃарЃљрЃАрЃгрЃЮрЃарЃљрЃЊ рЃљрЃбрЃЋрЃўрЃарЃЌрЃБрЃџрЃў :)) ',167,19,271),(218,'рЃЊрЃљрЃЌрЃЮ рЃњрЃљрЃЊрЃљрЃЋрЃ«рЃћрЃЊрЃћ, рЃЎрЃљрЃарЃњрЃў рЃюрЃљрЃЏрЃБрЃерЃћрЃЋрЃљрЃарЃўрЃљ.\nрЃћрЃарЃЌрЃљрЃЊрЃћрЃарЃЌрЃў рЃЊрЃљрЃўрЃЏрЃљрЃ«рЃАрЃЮрЃЋрЃарЃћ, рЃарЃЮрЃЊрЃћрЃАрЃљрЃф input-рЃА рЃЊрЃљ textarea-рЃА рЃўрЃДрЃћрЃюрЃћрЃЉ рЃАрЃљрЃГрЃўрЃарЃЮрЃљ label рЃћрЃџрЃћрЃЏрЃћрЃюрЃбрЃў рЃњрЃљрЃБрЃгрЃћрЃарЃЮ рЃЊрЃљ рЃЊрЃљрЃљрЃЎрЃљрЃЋрЃерЃўрЃарЃЮ for-рЃўрЃЌ.\n\nрЃЊрЃљрЃюрЃљрЃарЃЕрЃћрЃюрЃў рЃАрЃгрЃЮрЃарЃўрЃљ. рЃњрЃБрЃњрЃџрЃўрЃА рЃЊрЃљрЃЋрЃљрЃџрЃћрЃЉрЃљрЃф рЃњрЃљрЃљрЃЎрЃћрЃЌрЃћ ',167,19,271);
/*!40000 ALTER TABLE `comments` ENABLE KEYS */;
UNLOCK TABLES;

--
-- Table structure for table `course`
--

DROP TABLE IF EXISTS `course`;
/*!40101 SET @saved_cs_client     = @@character_set_client */;
/*!40101 SET character_set_client = utf8 */;
CREATE TABLE `course` (
  `id` int(11) NOT NULL AUTO_INCREMENT,
  `name` varchar(255) NOT NULL,
  `userId` int(11) DEFAULT NULL,
  `isMain` varchar(255) NOT NULL,
  `abbr` varchar(255) NOT NULL,
  PRIMARY KEY (`id`),
  KEY `FK_bceb52bbd16679020822f6d6f5d` (`userId`),
  CONSTRAINT `FK_bceb52bbd16679020822f6d6f5d` FOREIGN KEY (`userId`) REFERENCES `users` (`id`) ON DELETE NO ACTION ON UPDATE NO ACTION
) ENGINE=InnoDB AUTO_INCREMENT=6 DEFAULT CHARSET=utf8mb4 COLLATE=utf8mb4_general_ci;
/*!40101 SET character_set_client = @saved_cs_client */;

--
-- Dumping data for table `course`
--

LOCK TABLES `course` WRITE;
/*!40000 ALTER TABLE `course` DISABLE KEYS */;
INSERT INTO `course` VALUES (2,'React Frontend рЃЊрЃћрЃЋрЃћрЃџрЃЮрЃърЃћрЃарЃў',2,'1','R'),(3,'English Basic',2,'','EB'),(4,'English Convo',2,'','EC'),(5,'UI/UX рЃЊрЃўрЃќрЃљрЃўрЃюрЃћрЃарЃў',2,'1','D');
/*!40000 ALTER TABLE `course` ENABLE KEYS */;
UNLOCK TABLES;

--
-- Table structure for table `course_students_users`
--

DROP TABLE IF EXISTS `course_students_users`;
/*!40101 SET @saved_cs_client     = @@character_set_client */;
/*!40101 SET character_set_client = utf8 */;
CREATE TABLE `course_students_users` (
  `courseId` int(11) NOT NULL,
  `usersId` int(11) NOT NULL,
  PRIMARY KEY (`courseId`,`usersId`),
  KEY `IDX_9978f9d83e6f1b8350a53a57f5` (`courseId`),
  KEY `IDX_7aa3c3ab2f5178dac48581f7cc` (`usersId`),
  CONSTRAINT `FK_7aa3c3ab2f5178dac48581f7ccd` FOREIGN KEY (`usersId`) REFERENCES `users` (`id`) ON DELETE NO ACTION ON UPDATE NO ACTION,
  CONSTRAINT `FK_9978f9d83e6f1b8350a53a57f5c` FOREIGN KEY (`courseId`) REFERENCES `course` (`id`) ON DELETE CASCADE ON UPDATE CASCADE
) ENGINE=InnoDB DEFAULT CHARSET=utf8mb4 COLLATE=utf8mb4_general_ci;
/*!40101 SET character_set_client = @saved_cs_client */;

--
-- Dumping data for table `course_students_users`
--

LOCK TABLES `course_students_users` WRITE;
/*!40000 ALTER TABLE `course_students_users` DISABLE KEYS */;
INSERT INTO `course_students_users` VALUES (2,2),(2,108),(2,109),(2,110),(2,111),(2,112),(2,113),(2,114),(2,115),(2,116),(2,117),(2,118),(2,119),(2,120),(2,121),(2,122),(2,123),(2,124),(2,125),(2,126),(2,127),(2,128),(2,129),(2,130),(2,131),(2,132),(2,133),(2,134),(2,135),(2,136),(2,137),(2,138),(2,139),(2,140),(2,141),(2,142),(2,143),(2,144),(2,145),(2,146),(2,147),(2,148),(2,149),(2,150),(2,151),(2,152),(2,153),(2,154),(2,155),(2,156),(2,157),(2,158),(2,159),(2,160),(2,161),(2,162),(2,163),(2,164),(2,165),(2,166),(2,167),(2,168),(2,169),(2,170),(2,171),(2,172),(2,173),(2,174),(2,245),(2,246),(2,247),(2,249),(2,250),(2,252),(2,253),(2,254),(2,255),(2,256),(2,257),(2,258),(2,267),(2,268),(2,271),(2,273),(2,277),(2,305),(2,307),(2,308),(2,310),(3,2),(3,109),(3,110),(3,113),(3,116),(3,118),(3,122),(3,124),(3,126),(3,127),(3,129),(3,131),(3,133),(3,134),(3,137),(3,138),(3,146),(3,149),(3,152),(3,154),(3,155),(3,159),(3,166),(3,170),(3,171),(3,175),(3,236),(3,237),(3,238),(3,240),(3,241),(3,242),(3,249),(3,252),(3,254),(3,255),(3,256),(3,258),(3,259),(3,262),(3,265),(3,271),(3,275),(3,279),(3,287),(4,2),(4,111),(4,114),(4,117),(4,120),(4,121),(4,132),(4,136),(4,139),(4,140),(4,141),(4,143),(4,144),(4,147),(4,148),(4,150),(4,153),(4,156),(4,157),(4,159),(4,161),(4,162),(4,163),(4,164),(4,165),(4,171),(4,174),(4,175),(4,239),(4,246),(4,247),(4,248),(4,251),(4,261),(4,263),(4,264),(4,266),(4,268),(4,276),(4,277),(4,280),(4,284),(4,286),(4,292),(4,294),(4,297),(4,298),(4,299),(5,2),(5,168),(5,171),(5,175),(5,236),(5,237),(5,238),(5,239),(5,241),(5,242),(5,248),(5,251),(5,259),(5,261),(5,263),(5,264),(5,265),(5,266),(5,272),(5,274),(5,275),(5,276),(5,279),(5,280),(5,283),(5,284),(5,285),(5,286),(5,287),(5,288),(5,292),(5,293),(5,294),(5,295),(5,296),(5,297),(5,298),(5,299),(5,300),(5,301),(5,302),(5,303),(5,304);
/*!40000 ALTER TABLE `course_students_users` ENABLE KEYS */;
UNLOCK TABLES;

--
-- Table structure for table `meeting`
--

DROP TABLE IF EXISTS `meeting`;
/*!40101 SET @saved_cs_client     = @@character_set_client */;
/*!40101 SET character_set_client = utf8 */;
CREATE TABLE `meeting` (
  `id` int(11) NOT NULL AUTO_INCREMENT,
  `date` datetime NOT NULL,
  `recordingLink` varchar(255) DEFAULT NULL,
  `createdAt` datetime(6) NOT NULL DEFAULT current_timestamp(6),
  `updatedAt` datetime(6) NOT NULL DEFAULT current_timestamp(6) ON UPDATE current_timestamp(6),
  `deletedAt` datetime(6) DEFAULT NULL,
  `topicId` int(11) DEFAULT NULL,
  PRIMARY KEY (`id`),
  KEY `FK_32b110182366224098de29e3097` (`topicId`),
  CONSTRAINT `FK_32b110182366224098de29e3097` FOREIGN KEY (`topicId`) REFERENCES `topic` (`id`) ON DELETE NO ACTION ON UPDATE NO ACTION
) ENGINE=InnoDB AUTO_INCREMENT=62 DEFAULT CHARSET=utf8mb4 COLLATE=utf8mb4_general_ci;
/*!40101 SET character_set_client = @saved_cs_client */;

--
-- Dumping data for table `meeting`
--

LOCK TABLES `meeting` WRITE;
/*!40000 ALTER TABLE `meeting` DISABLE KEYS */;
INSERT INTO `meeting` VALUES (1,'2023-01-16 16:00:00','https://youtu.be/aECo9WCrxFU','2023-01-14 16:44:58.605850','2023-01-18 14:42:17.335758',NULL,1),(2,'2023-01-16 19:00:00','https://youtu.be/dzK8NuOsYWA','2023-01-14 16:50:53.680584','2023-01-18 14:42:17.259005',NULL,1),(3,'2023-01-17 19:00:00','https://youtu.be/B6_UGRtCN_o','2023-01-14 16:51:07.694015','2023-01-18 14:42:17.409282',NULL,1),(4,'2023-01-18 16:00:00',NULL,'2023-01-15 18:24:37.429071','2023-01-18 11:18:59.600818',NULL,2),(5,'2023-01-18 19:00:00',NULL,'2023-01-15 18:24:37.503548','2023-01-15 18:24:37.503548',NULL,2),(6,'2023-01-19 19:00:00',NULL,'2023-01-15 18:24:37.580818','2023-01-15 18:24:37.580818',NULL,2),(7,'2023-01-20 16:00:00',NULL,'2023-01-19 14:44:21.235127','2023-01-19 14:44:21.235127',NULL,3),(8,'2023-01-20 19:00:00',NULL,'2023-01-19 14:44:21.306142','2023-01-19 14:44:21.306142',NULL,3),(9,'2023-01-21 19:00:00',NULL,'2023-01-19 14:44:21.375110','2023-01-19 14:44:21.375110',NULL,3),(11,'2023-01-23 12:00:00',NULL,'2023-01-20 14:11:14.113753','2023-01-20 14:11:39.047433',NULL,5),(12,'2023-01-23 16:00:00',NULL,'2023-01-20 14:11:14.113753','2023-01-20 14:11:39.047433',NULL,6),(13,'2023-01-23 16:00:00',NULL,'2023-01-22 22:36:31.331041','2023-01-22 22:36:31.331041',NULL,7),(14,'2023-01-23 19:00:00',NULL,'2023-01-22 22:36:58.117962','2023-01-22 22:36:58.117962',NULL,7),(15,'2023-01-23 16:00:00',NULL,'2023-01-22 22:37:02.779780','2023-01-22 22:37:02.779780',NULL,8),(16,'2023-01-23 19:00:00',NULL,'2023-01-22 22:37:19.583462','2023-01-22 22:37:19.583462',NULL,8),(19,'2023-01-24 19:00:00',NULL,'2023-01-22 22:38:20.624777','2023-01-22 22:38:20.624777',NULL,8),(20,'2023-01-25 16:00:00','https://youtu.be/D-4GKJjMBTU','2023-01-22 22:43:33.458045','2023-01-29 15:26:40.759788',NULL,9),(21,'2023-01-25 19:00:00','https://www.youtube.com/watch?v=mHBYvpiwiuo','2023-01-22 22:43:50.133099','2023-01-29 15:28:19.074048',NULL,9),(22,'2023-01-26 19:00:00',NULL,'2023-01-22 22:44:06.973476','2023-01-22 22:44:06.973476',NULL,9),(23,'2023-01-27 16:00:00',NULL,'2023-01-22 22:44:52.098823','2023-01-22 22:44:52.098823',NULL,10),(24,'2023-01-27 19:00:00',NULL,'2023-01-22 22:45:03.482720','2023-01-22 22:45:03.482720',NULL,10),(25,'2023-01-28 19:00:00','https://www.youtube.com/watch?v=8K4r5Cq6hSo','2023-01-22 22:45:15.738512','2023-01-29 15:35:28.182476',NULL,10),(26,'2023-01-24 12:00:00',NULL,'2023-01-22 22:50:52.571319','2023-01-22 22:50:52.571319',NULL,5),(27,'2023-01-24 16:00:00',NULL,'2023-01-22 22:51:38.632772','2023-01-22 22:51:38.632772',NULL,6),(28,'2023-01-25 12:00:00',NULL,'2023-01-23 14:18:00.486791','2023-01-23 14:23:19.000000',NULL,11),(30,'2023-01-26 12:00:00',NULL,'2023-01-23 14:20:03.277319','2023-01-23 14:20:03.277319',NULL,11),(32,'2023-01-25 16:00:00',NULL,'2023-01-23 14:22:26.613132','2023-01-23 14:22:26.613132',NULL,13),(34,'2023-01-26 16:00:00',NULL,'2023-01-24 15:13:08.200268','2023-01-25 12:30:16.123242',NULL,13),(35,'2023-01-25 16:00:00',NULL,'2023-01-24 20:44:53.734641','2023-01-24 20:44:53.734641',NULL,15),(36,'2023-01-25 19:00:00',NULL,'2023-01-24 20:45:34.980987','2023-01-24 20:45:34.980987',NULL,15),(37,'2023-01-27 16:00:00',NULL,'2023-01-24 20:47:35.967792','2023-01-24 20:47:35.967792',NULL,16),(38,'2023-01-27 19:00:00',NULL,'2023-01-24 20:47:54.197808','2023-01-24 20:47:54.197808',NULL,16),(39,'2023-01-30 12:00:00',NULL,'2023-01-29 14:19:56.369267','2023-01-29 14:19:56.369267',NULL,17),(40,'2023-01-31 12:00:00',NULL,'2023-01-29 14:20:17.934716','2023-01-29 14:20:17.934716',NULL,17),(41,'2023-01-30 16:00:00',NULL,'2023-01-29 14:21:11.599332','2023-01-29 14:21:11.599332',NULL,18),(42,'2023-01-31 16:00:00',NULL,'2023-01-29 14:21:26.019224','2023-01-29 14:21:26.019224',NULL,18),(43,'2023-01-30 16:00:00','https://youtu.be/iO25VhnZkaM','2023-01-29 14:53:31.650229','2023-01-30 23:41:10.955645',NULL,19),(44,'2023-01-30 19:00:00','https://youtu.be/XZVDKVAR4TA','2023-01-29 14:53:44.541440','2023-01-30 23:44:25.040317',NULL,19),(45,'2023-01-31 19:00:00','https://youtu.be/kHw6Q0Th2rY','2023-01-29 14:54:00.946778','2023-02-01 13:23:51.808389',NULL,19),(46,'2023-02-01 16:00:00',NULL,'2023-01-29 14:55:47.562030','2023-01-29 14:56:15.000000',NULL,20),(47,'2023-02-01 19:00:00',NULL,'2023-01-29 14:56:02.397077','2023-01-29 14:56:02.397077',NULL,20),(48,'2023-02-02 19:00:00',NULL,'2023-01-29 14:56:36.777355','2023-01-29 14:56:36.777355',NULL,20),(49,'2023-02-03 16:00:00',NULL,'2023-01-29 14:57:16.255767','2023-01-29 14:57:16.255767',NULL,21),(50,'2023-02-03 19:00:00',NULL,'2023-01-29 14:57:28.388934','2023-01-29 14:57:28.388934',NULL,21),(51,'2023-02-04 19:00:00',NULL,'2023-01-29 14:57:47.193224','2023-01-29 14:57:47.193224',NULL,21),(52,'2023-02-01 12:00:00',NULL,'2023-01-29 16:21:35.248090','2023-01-29 16:21:35.248090',NULL,22),(53,'2023-02-02 12:00:00',NULL,'2023-01-29 16:21:52.173154','2023-01-29 16:21:52.173154',NULL,22),(54,'2023-02-01 16:00:00',NULL,'2023-01-29 16:22:30.015601','2023-01-29 16:22:30.015601',NULL,23),(55,'2023-02-02 16:00:00',NULL,'2023-01-29 16:22:40.300923','2023-01-29 16:22:40.300923',NULL,23),(56,'2023-01-30 16:00:00',NULL,'2023-01-30 00:29:16.469305','2023-01-30 00:29:16.469305',NULL,24),(57,'2023-01-30 19:00:00',NULL,'2023-01-30 00:29:32.352329','2023-01-30 00:29:32.352329',NULL,24),(58,'2023-02-01 16:00:00',NULL,'2023-01-30 00:35:47.600798','2023-01-30 00:35:47.600798',NULL,25),(59,'2023-02-01 19:00:00',NULL,'2023-01-30 00:36:01.744011','2023-01-30 00:36:01.744011',NULL,25),(60,'2023-02-03 16:00:00',NULL,'2023-01-30 00:36:57.573407','2023-01-30 00:36:57.573407',NULL,26),(61,'2023-02-03 19:00:00',NULL,'2023-01-30 00:37:07.646706','2023-01-30 00:37:07.646706',NULL,26);
/*!40000 ALTER TABLE `meeting` ENABLE KEYS */;
UNLOCK TABLES;

--
-- Table structure for table `reservations`
--

DROP TABLE IF EXISTS `reservations`;
/*!40101 SET @saved_cs_client     = @@character_set_client */;
/*!40101 SET character_set_client = utf8 */;
CREATE TABLE `reservations` (
  `id` int(11) NOT NULL AUTO_INCREMENT,
  `IsOnline` tinyint(4) NOT NULL,
  `createdAt` datetime(6) NOT NULL DEFAULT current_timestamp(6),
  `updatedAt` datetime(6) NOT NULL DEFAULT current_timestamp(6) ON UPDATE current_timestamp(6),
  `deletedAt` datetime(6) DEFAULT NULL,
  `meetingId` int(11) DEFAULT NULL,
  `userId` int(11) DEFAULT NULL,
  PRIMARY KEY (`id`),
  KEY `FK_3edb29ac2523f644db323aadeea` (`meetingId`),
  KEY `FK_aa0e1cc2c4f54da32bf8282154c` (`userId`),
  CONSTRAINT `FK_3edb29ac2523f644db323aadeea` FOREIGN KEY (`meetingId`) REFERENCES `meeting` (`id`) ON DELETE NO ACTION ON UPDATE NO ACTION,
  CONSTRAINT `FK_aa0e1cc2c4f54da32bf8282154c` FOREIGN KEY (`userId`) REFERENCES `users` (`id`) ON DELETE NO ACTION ON UPDATE NO ACTION
) ENGINE=InnoDB AUTO_INCREMENT=948 DEFAULT CHARSET=utf8mb4 COLLATE=utf8mb4_general_ci;
/*!40101 SET character_set_client = @saved_cs_client */;

--
-- Dumping data for table `reservations`
--

LOCK TABLES `reservations` WRITE;
/*!40000 ALTER TABLE `reservations` DISABLE KEYS */;
INSERT INTO `reservations` VALUES (9,0,'2023-01-14 17:24:08.418119','2023-01-14 17:24:08.418119',NULL,2,162),(10,0,'2023-01-14 17:25:57.373803','2023-01-14 17:26:07.000000','2023-01-14 17:26:07.000000',1,146),(11,0,'2023-01-14 17:25:57.729818','2023-01-14 17:25:57.729818',NULL,1,143),(12,0,'2023-01-14 17:26:27.435412','2023-01-14 17:26:27.435412',NULL,2,146),(13,0,'2023-01-14 17:26:35.242098','2023-01-14 17:28:20.000000','2023-01-14 17:28:20.000000',1,148),(14,0,'2023-01-14 17:26:36.215888','2023-01-14 17:30:56.000000','2023-01-14 17:30:56.000000',1,137),(15,0,'2023-01-14 17:26:46.236240','2023-01-14 17:28:07.000000','2023-01-14 17:28:07.000000',2,150),(16,0,'2023-01-14 17:27:43.190392','2023-01-14 17:28:00.000000','2023-01-14 17:28:00.000000',1,156),(17,1,'2023-01-14 17:27:46.038530','2023-01-14 17:27:46.038530',NULL,2,141),(18,0,'2023-01-14 17:28:11.800163','2023-01-14 17:28:11.800163',NULL,2,156),(19,0,'2023-01-14 17:28:13.075579','2023-01-14 17:28:13.075579',NULL,2,150),(20,0,'2023-01-14 17:28:16.684698','2023-01-14 17:28:16.684698',NULL,3,112),(21,0,'2023-01-14 17:28:37.404981','2023-01-14 17:28:37.404981',NULL,3,115),(22,0,'2023-01-14 17:29:19.816470','2023-01-14 17:29:19.816470',NULL,2,140),(23,0,'2023-01-14 17:29:32.860849','2023-01-14 17:29:32.860849',NULL,2,148),(24,0,'2023-01-14 17:30:01.832077','2023-01-14 17:31:07.000000','2023-01-14 17:31:07.000000',1,166),(25,0,'2023-01-14 17:31:02.866926','2023-01-14 17:31:02.866926',NULL,1,137),(26,0,'2023-01-14 17:32:09.623161','2023-01-14 17:32:09.623161',NULL,2,166),(27,0,'2023-01-14 17:32:47.881809','2023-01-14 17:32:47.881809',NULL,1,130),(28,0,'2023-01-14 17:32:54.409545','2023-01-14 17:32:54.409545',NULL,1,114),(29,0,'2023-01-14 17:34:49.395199','2023-01-14 17:34:49.395199',NULL,1,135),(30,0,'2023-01-14 17:36:09.696243','2023-01-16 12:55:50.000000','2023-01-16 12:55:50.000000',2,123),(31,0,'2023-01-14 17:36:15.015354','2023-01-14 17:36:15.015354',NULL,1,154),(32,1,'2023-01-14 17:38:09.412271','2023-01-14 17:41:04.000000','2023-01-14 17:41:04.000000',1,169),(33,0,'2023-01-14 17:39:44.033977','2023-01-14 17:39:44.033977',NULL,1,157),(34,0,'2023-01-14 17:40:18.166555','2023-01-14 17:40:25.000000','2023-01-14 17:40:25.000000',1,110),(35,0,'2023-01-14 17:40:44.524000','2023-01-14 17:40:44.524000',NULL,3,110),(36,0,'2023-01-14 17:41:09.457880','2023-01-14 17:41:09.457880',NULL,1,169),(37,0,'2023-01-14 17:41:23.196274','2023-01-14 17:41:23.196274',NULL,1,155),(38,0,'2023-01-14 17:41:49.515092','2023-01-14 17:41:49.515092',NULL,1,118),(39,0,'2023-01-14 17:44:30.641399','2023-01-14 17:44:30.641399',NULL,2,163),(40,0,'2023-01-14 17:46:00.342089','2023-01-14 17:46:00.342089',NULL,2,144),(41,0,'2023-01-14 17:50:59.981935','2023-01-14 17:50:59.981935',NULL,2,133),(42,0,'2023-01-14 17:53:05.967398','2023-01-14 17:53:08.000000','2023-01-14 17:53:08.000000',1,168),(43,0,'2023-01-14 18:02:31.461523','2023-01-14 18:02:31.461523',NULL,1,126),(44,0,'2023-01-14 18:09:53.303919','2023-01-14 18:09:53.303919',NULL,1,121),(45,0,'2023-01-14 18:10:05.588207','2023-01-14 18:10:05.588207',NULL,2,128),(46,0,'2023-01-14 18:26:19.730299','2023-01-14 18:26:19.730299',NULL,1,124),(47,0,'2023-01-14 18:30:06.911576','2023-01-14 18:30:06.911576',NULL,1,134),(48,0,'2023-01-14 18:44:00.240025','2023-01-14 18:44:09.000000','2023-01-14 18:44:09.000000',2,120),(49,0,'2023-01-14 18:44:16.423878','2023-01-14 18:44:16.423878',NULL,2,120),(50,0,'2023-01-14 18:51:15.405288','2023-01-14 18:51:15.405288',NULL,1,111),(51,0,'2023-01-14 19:23:20.437175','2023-01-15 05:32:33.000000','2023-01-15 05:32:33.000000',2,2),(52,0,'2023-01-14 19:40:26.049448','2023-01-14 19:40:26.049448',NULL,1,113),(53,0,'2023-01-14 20:27:44.462891','2023-01-14 20:27:44.462891',NULL,1,132),(54,0,'2023-01-14 22:09:10.083500','2023-01-14 22:09:10.083500',NULL,1,136),(55,0,'2023-01-14 23:23:52.167278','2023-01-14 23:23:52.167278',NULL,3,159),(56,0,'2023-01-14 23:37:09.285648','2023-01-14 23:37:09.285648',NULL,3,122),(57,0,'2023-01-14 23:45:33.211100','2023-01-14 23:45:33.211100',NULL,1,119),(58,0,'2023-01-15 05:32:53.133029','2023-01-15 05:37:36.000000','2023-01-15 05:37:36.000000',2,2),(59,0,'2023-01-15 05:38:51.888512','2023-01-15 09:15:15.000000','2023-01-15 09:15:15.000000',2,2),(60,0,'2023-01-15 06:29:51.995555','2023-01-15 06:29:51.995555',NULL,2,147),(61,0,'2023-01-15 07:22:03.111205','2023-01-15 07:22:03.111205',NULL,1,149),(62,0,'2023-01-15 07:23:08.516539','2023-01-15 07:23:32.000000','2023-01-15 07:23:32.000000',2,168),(63,1,'2023-01-15 07:40:46.331061','2023-01-15 07:40:50.000000','2023-01-15 07:40:50.000000',1,168),(64,1,'2023-01-15 07:41:01.748956','2023-01-15 07:41:09.000000','2023-01-15 07:41:09.000000',1,168),(65,0,'2023-01-15 07:41:18.292628','2023-01-15 07:41:36.000000','2023-01-15 07:41:36.000000',2,131),(66,0,'2023-01-15 07:41:58.332217','2023-01-15 07:41:58.332217',NULL,2,131),(67,1,'2023-01-15 07:45:18.366397','2023-01-15 07:45:26.000000','2023-01-15 07:45:26.000000',1,168),(68,0,'2023-01-15 07:47:47.161095','2023-01-15 07:47:47.161095',NULL,2,129),(69,1,'2023-01-15 08:11:22.624100','2023-01-15 08:12:23.000000','2023-01-15 08:12:23.000000',2,117),(70,0,'2023-01-15 08:12:42.114087','2023-01-15 16:55:50.000000','2023-01-15 16:55:50.000000',2,117),(71,0,'2023-01-15 08:20:48.743011','2023-01-15 08:20:48.743011',NULL,2,145),(72,1,'2023-01-15 08:41:00.986279','2023-01-15 08:41:00.986279',NULL,2,108),(73,0,'2023-01-15 09:15:23.691273','2023-01-15 10:24:00.000000','2023-01-15 10:24:00.000000',2,2),(74,0,'2023-01-15 09:39:18.274646','2023-01-15 09:39:18.274646',NULL,3,151),(75,0,'2023-01-15 09:42:27.401515','2023-01-15 09:42:44.000000','2023-01-15 09:42:44.000000',2,153),(76,0,'2023-01-15 09:42:51.846766','2023-01-15 09:42:51.846766',NULL,3,153),(77,0,'2023-01-15 10:13:39.093857','2023-01-15 20:54:46.000000','2023-01-15 20:54:46.000000',2,127),(78,1,'2023-01-15 10:20:11.136040','2023-01-15 10:24:00.000000','2023-01-15 10:24:00.000000',1,168),(79,0,'2023-01-15 10:22:12.149239','2023-01-15 10:36:43.000000','2023-01-15 10:36:43.000000',3,170),(80,1,'2023-01-15 10:24:04.276061','2023-01-15 10:24:18.000000','2023-01-15 10:24:18.000000',1,168),(81,0,'2023-01-15 10:34:08.607373','2023-01-15 10:34:42.000000','2023-01-15 10:34:42.000000',2,2),(82,0,'2023-01-15 10:39:56.518248','2023-01-15 10:39:56.518248',NULL,2,170),(83,1,'2023-01-15 13:32:12.152511','2023-01-15 13:32:12.152511',NULL,1,167),(84,0,'2023-01-15 14:44:04.285207','2023-01-15 14:44:04.285207',NULL,3,139),(85,0,'2023-01-15 15:07:46.117256','2023-01-15 15:07:46.117256',NULL,3,116),(86,0,'2023-01-15 15:21:39.799525','2023-01-17 13:14:56.000000','2023-01-17 13:14:56.000000',3,109),(87,1,'2023-01-15 16:56:19.101391','2023-01-15 16:56:52.000000','2023-01-15 16:56:52.000000',2,117),(88,1,'2023-01-15 16:57:10.627654','2023-01-15 16:57:10.627654',NULL,2,117),(89,0,'2023-01-15 17:44:54.607390','2023-01-15 17:44:54.607390',NULL,2,164),(90,0,'2023-01-15 18:26:17.063754','2023-01-15 18:26:17.063754',NULL,5,162),(91,0,'2023-01-15 19:01:46.204849','2023-01-15 19:01:46.204849',NULL,4,135),(92,0,'2023-01-15 20:54:56.395015','2023-01-16 12:06:49.000000','2023-01-16 12:06:49.000000',4,127),(93,0,'2023-01-15 21:41:10.333474','2023-01-16 01:10:59.000000','2023-01-16 01:10:59.000000',5,170),(94,0,'2023-01-15 23:13:07.407145','2023-01-17 11:49:26.000000','2023-01-17 11:49:26.000000',4,133),(95,0,'2023-01-16 01:11:16.488556','2023-01-16 01:11:16.488556',NULL,5,170),(96,0,'2023-01-16 04:42:14.309029','2023-01-16 04:42:14.309029',NULL,2,152),(97,0,'2023-01-16 05:44:49.823989','2023-01-16 05:44:49.823989',NULL,5,145),(98,0,'2023-01-16 06:16:51.859750','2023-01-16 06:16:51.859750',NULL,5,131),(99,0,'2023-01-16 07:15:35.693478','2023-01-16 07:15:35.693478',NULL,6,156),(100,0,'2023-01-16 07:17:11.839052','2023-01-16 07:17:11.839052',NULL,5,163),(101,0,'2023-01-16 08:06:36.416320','2023-01-16 08:06:36.416320',NULL,4,113),(102,1,'2023-01-16 08:37:11.946426','2023-01-16 08:37:11.946426',NULL,2,138),(103,1,'2023-01-16 08:37:46.014683','2023-01-16 08:37:46.014683',NULL,5,138),(104,0,'2023-01-16 08:42:28.551317','2023-01-16 08:42:28.551317',NULL,4,136),(105,0,'2023-01-16 08:42:58.039604','2023-01-16 08:42:58.039604',NULL,4,129),(106,0,'2023-01-16 08:57:31.193587','2023-01-16 08:57:31.193587',NULL,5,150),(107,0,'2023-01-16 08:59:32.781964','2023-01-16 08:59:32.781964',NULL,5,148),(108,0,'2023-01-16 09:07:23.578504','2023-01-16 09:23:41.000000','2023-01-16 09:23:41.000000',4,166),(109,0,'2023-01-16 09:23:46.359669','2023-01-16 22:51:39.000000','2023-01-16 22:51:39.000000',5,166),(110,1,'2023-01-16 09:47:35.344576','2023-01-16 09:47:35.344576',NULL,5,141),(111,0,'2023-01-16 10:13:40.189433','2023-01-16 10:13:40.189433',NULL,5,114),(112,0,'2023-01-16 11:55:52.160368','2023-01-16 11:55:52.160368',NULL,4,120),(113,0,'2023-01-16 12:07:53.459392','2023-01-16 12:07:53.459392',NULL,3,127),(114,0,'2023-01-16 12:38:40.587440','2023-01-16 15:32:14.000000','2023-01-16 15:32:14.000000',6,123),(115,1,'2023-01-16 12:55:56.900151','2023-01-16 12:55:56.900151',NULL,2,123),(116,0,'2023-01-16 15:33:00.082621','2023-01-16 15:33:00.082621',NULL,6,123),(117,0,'2023-01-16 15:44:49.518061','2023-01-18 10:01:52.000000','2023-01-18 10:01:52.000000',4,116),(118,0,'2023-01-16 16:57:22.419182','2023-01-16 16:57:22.419182',NULL,4,137),(119,0,'2023-01-16 17:39:22.493986','2023-01-16 17:39:22.493986',NULL,4,154),(120,0,'2023-01-16 18:32:57.017443','2023-01-16 18:32:57.017443',NULL,3,173),(121,0,'2023-01-16 18:46:35.601052','2023-01-16 18:46:35.601052',NULL,4,119),(122,0,'2023-01-16 20:42:16.969290','2023-01-16 20:42:16.969290',NULL,4,149),(123,0,'2023-01-16 22:51:48.717730','2023-01-16 22:51:48.717730',NULL,4,166),(124,0,'2023-01-17 09:11:19.404908','2023-01-17 09:11:19.404908',NULL,4,126),(125,0,'2023-01-17 09:11:42.576529','2023-01-17 09:11:48.000000','2023-01-17 09:11:48.000000',5,118),(126,0,'2023-01-17 09:11:56.589516','2023-01-17 09:11:56.589516',NULL,4,118),(127,0,'2023-01-17 09:52:50.763386','2023-01-17 09:52:50.763386',NULL,4,128),(128,0,'2023-01-17 09:53:13.619546','2023-01-17 09:53:13.619546',NULL,4,124),(129,0,'2023-01-17 10:48:21.911593','2023-01-17 10:48:21.911593',NULL,4,164),(130,0,'2023-01-17 11:09:24.959522','2023-01-17 16:46:16.000000','2023-01-17 16:46:16.000000',4,134),(131,0,'2023-01-17 11:09:27.474993','2023-01-17 11:09:27.474993',NULL,4,143),(132,0,'2023-01-17 11:48:26.602199','2023-01-17 11:48:26.602199',NULL,4,157),(133,1,'2023-01-17 11:49:43.632256','2023-01-17 11:49:43.632256',NULL,4,133),(134,0,'2023-01-17 12:11:37.087031','2023-01-17 12:11:37.087031',NULL,6,146),(135,0,'2023-01-17 12:13:30.919675','2023-01-17 12:13:30.919675',NULL,4,155),(136,1,'2023-01-17 13:38:39.033290','2023-01-17 13:38:39.033290',NULL,4,139),(137,0,'2023-01-17 13:51:20.756248','2023-01-17 13:51:20.756248',NULL,6,153),(138,0,'2023-01-17 14:12:26.249518','2023-01-17 14:12:26.249518',NULL,5,121),(139,0,'2023-01-17 14:26:38.802484','2023-01-17 14:26:38.802484',NULL,6,151),(140,1,'2023-01-17 14:30:15.187986','2023-01-19 12:12:18.000000','2023-01-19 12:12:18.000000',4,167),(141,0,'2023-01-17 14:36:12.198080','2023-01-17 14:36:12.198080',NULL,5,140),(142,0,'2023-01-17 14:38:11.243478','2023-01-17 14:38:11.243478',NULL,5,144),(143,1,'2023-01-17 14:54:16.587467','2023-01-17 14:54:16.587467',NULL,3,142),(144,0,'2023-01-17 15:00:04.014047','2023-01-17 15:00:04.014047',NULL,5,130),(145,0,'2023-01-17 16:46:31.872796','2023-01-17 16:46:31.872796',NULL,5,134),(146,0,'2023-01-17 17:04:38.956036','2023-01-17 17:04:38.956036',NULL,4,111),(147,0,'2023-01-17 19:17:56.591307','2023-01-17 19:17:56.591307',NULL,6,159),(148,0,'2023-01-17 19:48:02.306054','2023-01-17 19:48:02.306054',NULL,5,173),(149,0,'2023-01-17 22:48:49.089720','2023-01-17 22:48:49.089720',NULL,5,169),(150,1,'2023-01-18 10:01:56.969099','2023-01-18 10:01:56.969099',NULL,4,116),(151,1,'2023-01-18 10:12:21.154631','2023-01-18 10:12:21.154631',NULL,4,132),(152,0,'2023-01-18 10:13:28.910727','2023-01-18 10:13:28.910727',NULL,5,127),(153,0,'2023-01-18 11:56:36.601630','2023-01-18 11:56:36.601630',NULL,4,112),(154,0,'2023-01-18 12:02:24.400148','2023-01-18 12:02:24.400148',NULL,6,115),(155,0,'2023-01-18 12:09:59.294339','2023-01-18 12:09:59.294339',NULL,5,147),(156,0,'2023-01-18 14:37:47.578429','2023-01-18 14:37:47.578429',NULL,6,110),(157,0,'2023-01-18 20:06:59.383757','2023-01-18 20:06:59.383757',NULL,6,122),(158,0,'2023-01-19 00:23:12.220786','2023-01-19 13:50:08.000000','2023-01-19 13:50:08.000000',6,109),(159,1,'2023-01-19 11:59:27.381222','2023-01-19 11:59:30.000000','2023-01-19 11:59:30.000000',6,168),(160,0,'2023-01-19 14:52:05.760374','2023-01-20 09:04:41.000000','2023-01-20 09:04:41.000000',7,139),(161,0,'2023-01-19 14:52:26.133637','2023-01-19 14:52:26.133637',NULL,8,170),(162,0,'2023-01-19 14:52:51.314248','2023-01-19 14:52:51.314248',NULL,7,137),(163,0,'2023-01-19 14:53:12.619030','2023-01-19 14:53:12.619030',NULL,8,145),(164,0,'2023-01-19 15:03:24.884338','2023-01-19 15:03:24.884338',NULL,8,163),(165,0,'2023-01-19 15:03:49.319159','2023-01-19 15:03:49.319159',NULL,7,134),(166,0,'2023-01-19 15:13:09.037596','2023-01-19 15:13:09.037596',NULL,7,144),(167,0,'2023-01-19 15:14:11.709085','2023-01-19 15:14:11.709085',NULL,7,140),(168,0,'2023-01-19 15:19:57.441671','2023-01-19 15:19:57.441671',NULL,7,121),(169,0,'2023-01-19 15:48:23.605968','2023-01-19 15:48:23.605968',NULL,7,119),(170,0,'2023-01-19 15:50:40.148585','2023-01-19 15:50:40.148585',NULL,7,166),(171,0,'2023-01-19 15:54:35.534658','2023-01-19 15:54:35.534658',NULL,8,131),(172,0,'2023-01-19 15:59:59.683010','2023-01-19 15:59:59.683010',NULL,9,123),(173,0,'2023-01-19 16:51:13.337600','2023-01-19 16:51:13.337600',NULL,9,154),(174,0,'2023-01-19 16:51:50.072098','2023-01-19 16:51:50.072098',NULL,7,129),(175,0,'2023-01-19 17:17:03.094907','2023-01-19 17:17:03.094907',NULL,7,164),(176,0,'2023-01-19 18:11:38.488404','2023-01-19 18:11:51.000000','2023-01-19 18:11:51.000000',7,136),(177,0,'2023-01-19 18:11:59.941004','2023-01-19 18:11:59.941004',NULL,8,136),(178,0,'2023-01-19 18:56:17.162917','2023-01-19 18:56:17.162917',NULL,7,132),(179,0,'2023-01-19 19:00:13.480924','2023-01-19 19:00:13.480924',NULL,7,173),(180,0,'2023-01-19 19:02:42.318694','2023-01-19 19:02:42.318694',NULL,7,149),(181,0,'2023-01-19 19:21:07.276277','2023-01-19 19:21:07.276277',NULL,9,146),(182,0,'2023-01-19 21:18:37.725570','2023-01-19 21:18:37.725570',NULL,7,126),(183,0,'2023-01-19 21:20:18.781872','2023-01-19 21:20:18.781872',NULL,9,118),(184,0,'2023-01-19 21:24:27.859920','2023-01-19 21:24:27.859920',NULL,7,143),(185,0,'2023-01-19 21:25:58.400959','2023-01-19 21:25:58.400959',NULL,9,113),(186,0,'2023-01-19 21:47:37.784825','2023-01-19 21:47:37.784825',NULL,8,120),(187,0,'2023-01-19 22:05:38.982553','2023-01-19 22:05:38.982553',NULL,7,155),(188,0,'2023-01-19 22:12:52.972936','2023-01-19 22:12:52.972936',NULL,7,135),(189,0,'2023-01-19 23:52:32.860097','2023-01-19 23:52:32.860097',NULL,9,124),(190,0,'2023-01-20 02:40:28.652761','2023-01-20 02:40:28.652761',NULL,8,114),(191,0,'2023-01-20 06:11:18.781027','2023-01-20 06:11:18.781027',NULL,9,128),(192,0,'2023-01-20 07:09:54.542814','2023-01-20 07:09:54.542814',NULL,8,150),(193,1,'2023-01-20 07:18:21.608688','2023-01-20 11:33:33.000000','2023-01-20 11:33:33.000000',7,111),(194,0,'2023-01-20 07:22:43.595840','2023-01-20 07:23:06.000000','2023-01-20 07:23:06.000000',7,162),(195,0,'2023-01-20 07:23:18.748580','2023-01-20 07:23:18.748580',NULL,8,162),(196,0,'2023-01-20 07:39:23.039187','2023-01-20 07:39:23.039187',NULL,7,157),(197,0,'2023-01-20 08:20:42.481961','2023-01-20 08:23:14.000000','2023-01-20 08:23:14.000000',9,2),(198,0,'2023-01-20 08:24:15.872727','2023-01-20 08:24:21.000000','2023-01-20 08:24:21.000000',9,2),(199,1,'2023-01-20 09:04:53.580824','2023-01-20 09:04:53.580824',NULL,7,139),(200,0,'2023-01-20 10:38:16.207013','2023-01-20 10:38:16.207013',NULL,8,127),(201,1,'2023-01-20 11:33:52.294700','2023-01-20 11:34:24.000000','2023-01-20 11:34:24.000000',8,111),(202,1,'2023-01-20 11:34:35.963204','2023-01-20 11:34:35.963204',NULL,7,111),(203,1,'2023-01-20 11:53:28.466301','2023-01-20 11:53:28.466301',NULL,7,130),(204,1,'2023-01-20 13:19:55.920502','2023-01-20 13:19:55.920502',NULL,8,141),(205,1,'2023-01-20 13:57:38.350814','2023-01-20 13:57:38.350814',NULL,9,151),(206,0,'2023-01-20 14:07:54.387776','2023-01-20 14:07:54.387776',NULL,8,148),(207,0,'2023-01-20 16:24:00.710993','2023-01-21 09:42:55.000000','2023-01-21 09:42:55.000000',9,116),(208,0,'2023-01-20 21:07:32.339083','2023-01-20 21:07:32.339083',NULL,9,112),(209,0,'2023-01-20 21:10:59.544896','2023-01-20 21:10:59.544896',NULL,9,115),(210,1,'2023-01-21 08:59:09.351695','2023-01-21 08:59:09.351695',NULL,9,110),(211,1,'2023-01-21 09:43:00.740825','2023-01-21 09:43:00.740825',NULL,9,116),(212,1,'2023-01-21 10:13:47.372456','2023-01-21 10:13:47.372456',NULL,9,169),(213,0,'2023-01-21 11:02:40.966307','2023-01-21 11:02:40.966307',NULL,9,153),(214,0,'2023-01-21 11:34:16.275791','2023-01-21 11:34:16.275791',NULL,9,142),(215,0,'2023-01-21 13:23:02.047901','2023-01-23 00:07:16.000000','2023-01-23 00:07:16.000000',11,275),(216,0,'2023-01-21 14:03:29.672295','2023-01-21 14:03:29.672295',NULL,9,109),(217,1,'2023-01-21 14:26:04.769376','2023-01-21 14:26:04.769376',NULL,9,167),(218,0,'2023-01-22 01:07:47.058790','2023-01-22 19:34:49.000000','2023-01-22 19:34:49.000000',11,252),(219,0,'2023-01-22 01:09:59.451050','2023-01-22 18:52:48.000000','2023-01-22 18:52:48.000000',11,170),(220,0,'2023-01-22 13:56:47.172843','2023-01-22 13:57:06.000000','2023-01-22 13:57:06.000000',12,120),(221,0,'2023-01-22 14:47:08.068913','2023-01-22 14:47:08.068913',NULL,11,126),(222,0,'2023-01-22 14:49:24.024706','2023-01-23 10:15:24.000000','2023-01-23 10:15:24.000000',11,113),(223,1,'2023-01-22 18:32:15.535015','2023-01-22 22:53:43.000000','2023-01-22 22:53:43.000000',12,156),(224,0,'2023-01-22 18:47:42.297395','2023-01-22 18:47:42.297395',NULL,11,236),(225,0,'2023-01-22 18:52:53.908025','2023-01-22 18:52:53.908025',NULL,11,170),(226,0,'2023-01-22 19:35:15.536878','2023-01-22 19:35:15.536878',NULL,11,252),(227,0,'2023-01-22 20:00:38.556699','2023-01-22 20:00:38.556699',NULL,11,241),(228,0,'2023-01-22 21:19:12.429350','2023-01-22 23:10:56.000000','2023-01-22 23:10:56.000000',11,237),(229,0,'2023-01-22 21:33:18.769987','2023-01-23 14:13:31.000000','2023-01-23 14:13:31.000000',12,150),(230,0,'2023-01-22 22:40:28.766389','2023-01-22 22:40:28.766389',NULL,15,135),(231,0,'2023-01-22 22:46:02.044718','2023-01-23 12:35:28.000000','2023-01-23 12:35:28.000000',15,129),(232,0,'2023-01-22 22:46:05.633327','2023-01-22 22:46:28.000000','2023-01-22 22:46:28.000000',23,154),(233,0,'2023-01-22 22:46:08.773877','2023-01-22 22:46:08.773877',NULL,15,143),(234,0,'2023-01-22 22:46:10.779515','2023-01-22 22:46:10.779515',NULL,20,129),(235,0,'2023-01-22 22:46:16.425059','2023-01-22 22:46:16.425059',NULL,16,150),(236,0,'2023-01-22 22:46:17.738007','2023-01-22 22:46:17.738007',NULL,19,146),(237,0,'2023-01-22 22:46:18.167679','2023-01-22 22:46:18.167679',NULL,23,129),(238,0,'2023-01-22 22:46:18.316707','2023-01-22 22:46:18.316707',NULL,16,144),(239,0,'2023-01-22 22:46:18.754343','2023-01-22 22:46:18.754343',NULL,20,143),(240,0,'2023-01-22 22:46:23.873988','2023-01-22 22:46:23.873988',NULL,19,164),(241,0,'2023-01-22 22:46:25.077298','2023-01-23 13:52:58.000000','2023-01-23 13:52:58.000000',15,137),(242,0,'2023-01-22 22:46:26.743394','2023-01-22 22:46:26.743394',NULL,23,143),(243,0,'2023-01-22 22:46:26.934988','2023-01-22 22:46:26.934988',NULL,16,139),(244,0,'2023-01-22 22:46:29.683393','2023-01-22 22:46:29.683393',NULL,16,162),(245,0,'2023-01-22 22:46:30.458896','2023-01-22 22:46:30.458896',NULL,15,119),(246,0,'2023-01-22 22:46:32.557836','2023-01-22 22:46:32.557836',NULL,16,114),(247,0,'2023-01-22 22:46:33.884520','2023-01-22 22:46:33.884520',NULL,19,151),(248,0,'2023-01-22 22:46:35.128995','2023-01-22 22:46:35.128995',NULL,21,150),(249,0,'2023-01-22 22:46:35.144710','2023-01-22 22:46:35.144710',NULL,14,261),(250,0,'2023-01-22 22:46:41.726962','2023-01-22 22:46:41.726962',NULL,16,120),(251,0,'2023-01-22 22:46:41.923830','2023-01-22 22:46:41.923830',NULL,15,133),(252,0,'2023-01-22 22:46:45.380880','2023-01-22 22:46:45.380880',NULL,24,150),(253,0,'2023-01-22 22:46:45.504857','2023-01-22 22:46:45.504857',NULL,22,146),(254,0,'2023-01-22 22:46:45.834378','2023-01-22 22:46:45.834378',NULL,25,154),(255,0,'2023-01-22 22:46:46.125733','2023-01-22 22:46:46.125733',NULL,21,162),(256,0,'2023-01-22 22:46:46.298236','2023-01-22 22:46:46.298236',NULL,12,261),(257,0,'2023-01-22 22:46:49.256630','2023-01-22 22:46:49.256630',NULL,22,151),(258,0,'2023-01-22 22:46:50.668051','2023-01-24 23:34:07.000000','2023-01-24 23:34:07.000000',20,164),(259,0,'2023-01-22 22:46:56.263400','2023-01-22 22:46:56.263400',NULL,20,119),(260,0,'2023-01-22 22:47:00.204635','2023-01-22 22:47:00.204635',NULL,24,162),(261,0,'2023-01-22 22:47:03.031644','2023-01-22 22:47:03.031644',NULL,25,146),(262,0,'2023-01-22 22:47:08.086160','2023-01-22 22:47:08.086160',NULL,19,154),(263,0,'2023-01-22 22:47:08.240230','2023-01-22 22:47:08.240230',NULL,25,151),(264,0,'2023-01-22 22:47:10.259215','2023-01-27 03:02:43.000000','2023-01-27 03:02:43.000000',23,119),(265,0,'2023-01-22 22:47:11.592000','2023-01-22 22:47:11.592000',NULL,12,164),(266,0,'2023-01-22 22:47:20.974164','2023-01-22 22:47:20.974164',NULL,20,133),(267,0,'2023-01-22 22:47:21.731099','2023-01-22 22:48:02.000000','2023-01-22 22:48:02.000000',20,139),(268,0,'2023-01-22 22:47:28.179454','2023-01-22 22:47:28.179454',NULL,23,133),(269,0,'2023-01-22 22:47:36.982340','2023-01-22 22:47:36.982340',NULL,22,154),(270,0,'2023-01-22 22:47:44.385408','2023-01-27 12:30:13.000000','2023-01-27 12:30:13.000000',23,164),(271,1,'2023-01-22 22:47:52.860685','2023-01-22 22:47:52.860685',NULL,14,286),(272,0,'2023-01-22 22:47:54.644938','2023-01-27 15:51:37.000000','2023-01-27 15:51:37.000000',23,139),(273,0,'2023-01-22 22:47:54.756647','2023-01-22 22:48:06.000000','2023-01-22 22:48:06.000000',15,156),(274,0,'2023-01-22 22:48:14.475003','2023-01-26 17:58:12.000000','2023-01-26 17:58:12.000000',22,139),(275,0,'2023-01-22 22:48:18.081197','2023-01-22 22:48:18.081197',NULL,23,166),(276,0,'2023-01-22 22:48:23.939746','2023-01-22 22:48:23.939746',NULL,20,166),(277,0,'2023-01-22 22:48:28.270950','2023-01-22 22:48:28.270950',NULL,15,166),(278,0,'2023-01-22 22:48:37.113821','2023-01-22 22:48:37.113821',NULL,11,287),(279,1,'2023-01-22 22:48:39.626386','2023-01-22 22:59:42.000000','2023-01-22 22:59:42.000000',11,286),(280,0,'2023-01-22 22:48:57.736842','2023-01-23 10:22:13.000000','2023-01-23 10:22:13.000000',15,156),(281,0,'2023-01-22 22:49:27.932937','2023-01-22 22:49:45.000000','2023-01-22 22:49:45.000000',15,163),(282,0,'2023-01-22 22:49:54.750107','2023-01-22 22:49:54.750107',NULL,16,163),(283,0,'2023-01-22 22:49:58.548337','2023-01-22 22:49:58.548337',NULL,22,156),(284,0,'2023-01-22 22:50:33.980483','2023-01-22 22:50:33.980483',NULL,21,163),(285,0,'2023-01-22 22:50:38.244002','2023-01-23 14:09:58.000000','2023-01-23 14:09:58.000000',14,241),(286,0,'2023-01-22 22:50:57.537193','2023-01-22 22:50:57.537193',NULL,24,163),(287,0,'2023-01-22 22:51:18.641030','2023-01-25 13:31:50.000000','2023-01-25 13:31:50.000000',24,156),(288,0,'2023-01-22 22:51:30.971506','2023-01-22 22:51:30.971506',NULL,13,265),(289,0,'2023-01-22 22:51:47.638478','2023-01-22 22:51:47.638478',NULL,19,159),(290,0,'2023-01-22 22:51:55.412158','2023-01-22 22:51:55.412158',NULL,13,251),(291,0,'2023-01-22 22:52:29.806896','2023-01-22 22:52:43.000000','2023-01-22 22:52:43.000000',12,143),(292,0,'2023-01-22 22:52:32.530890','2023-01-22 22:52:32.530890',NULL,22,159),(293,0,'2023-01-22 22:53:06.167694','2023-01-22 22:53:06.167694',NULL,12,251),(294,0,'2023-01-22 22:53:17.645447','2023-01-22 22:53:17.645447',NULL,25,159),(295,0,'2023-01-22 22:53:29.938842','2023-01-22 23:32:21.000000','2023-01-22 23:32:21.000000',11,166),(296,0,'2023-01-22 22:53:37.197306','2023-01-22 22:53:42.000000','2023-01-22 22:53:42.000000',27,143),(297,0,'2023-01-22 22:53:41.589009','2023-01-22 22:53:41.589009',NULL,26,249),(298,1,'2023-01-22 22:54:02.211445','2023-01-22 22:54:02.211445',NULL,27,156),(299,0,'2023-01-22 22:54:18.595360','2023-01-22 22:54:18.595360',NULL,27,143),(300,0,'2023-01-22 22:54:51.901247','2023-01-22 22:54:51.901247',NULL,13,287),(301,0,'2023-01-22 22:56:22.730795','2023-01-23 12:36:55.000000','2023-01-23 12:36:55.000000',15,134),(302,0,'2023-01-22 22:56:38.042982','2023-01-22 22:56:38.042982',NULL,20,134),(303,0,'2023-01-22 22:56:45.811882','2023-01-22 23:21:49.000000','2023-01-22 23:21:49.000000',13,236),(304,0,'2023-01-22 22:56:48.480562','2023-01-22 22:56:48.480562',NULL,23,134),(305,0,'2023-01-22 22:57:57.930514','2023-01-22 22:58:04.000000','2023-01-22 22:58:04.000000',13,283),(306,1,'2023-01-22 22:58:26.016906','2023-01-22 22:58:52.000000','2023-01-22 22:58:52.000000',11,154),(307,0,'2023-01-22 22:58:37.709680','2023-01-22 22:58:37.709680',NULL,13,283),(308,1,'2023-01-22 23:00:16.921530','2023-01-22 23:00:16.921530',NULL,11,286),(309,0,'2023-01-22 23:01:20.170862','2023-01-22 23:01:20.170862',NULL,15,149),(310,1,'2023-01-22 23:01:25.166386','2023-01-22 23:01:36.000000','2023-01-22 23:01:36.000000',15,108),(311,0,'2023-01-22 23:01:34.078200','2023-01-22 23:01:34.078200',NULL,14,266),(312,1,'2023-01-22 23:01:42.017241','2023-01-22 23:01:42.017241',NULL,16,108),(313,1,'2023-01-22 23:02:02.106124','2023-01-22 23:02:02.106124',NULL,21,108),(314,1,'2023-01-22 23:02:14.874748','2023-01-22 23:02:14.874748',NULL,24,108),(315,1,'2023-01-22 23:02:21.834003','2023-01-22 23:02:21.834003',NULL,13,272),(316,0,'2023-01-22 23:05:16.124722','2023-01-22 23:05:16.124722',NULL,20,136),(317,0,'2023-01-22 23:05:29.453166','2023-01-24 16:44:28.000000','2023-01-24 16:44:28.000000',23,136),(318,0,'2023-01-22 23:06:06.754143','2023-01-22 23:06:06.754143',NULL,13,242),(319,0,'2023-01-22 23:06:17.256086','2023-01-22 23:06:41.000000','2023-01-22 23:06:41.000000',13,263),(320,0,'2023-01-22 23:06:56.028250','2023-01-22 23:07:03.000000','2023-01-22 23:07:03.000000',13,298),(321,0,'2023-01-22 23:07:07.612087','2023-01-22 23:07:07.612087',NULL,13,263),(322,0,'2023-01-22 23:07:09.913846','2023-01-22 23:07:18.000000','2023-01-22 23:07:18.000000',11,129),(323,0,'2023-01-22 23:07:23.274871','2023-01-22 23:07:23.274871',NULL,14,298),(324,0,'2023-01-22 23:07:36.433173','2023-01-22 23:07:36.433173',NULL,26,129),(325,0,'2023-01-22 23:07:40.296451','2023-01-22 23:07:40.296451',NULL,12,139),(326,0,'2023-01-22 23:07:48.266678','2023-01-22 23:07:48.266678',NULL,14,285),(327,0,'2023-01-22 23:08:05.363122','2023-01-22 23:08:05.363122',NULL,13,259),(328,0,'2023-01-22 23:08:15.522692','2023-01-23 15:58:42.000000','2023-01-23 15:58:42.000000',15,113),(329,0,'2023-01-22 23:08:30.289871','2023-01-22 23:53:37.000000','2023-01-22 23:53:37.000000',13,237),(330,0,'2023-01-22 23:09:45.895694','2023-01-22 23:09:55.000000','2023-01-22 23:09:55.000000',13,294),(331,0,'2023-01-22 23:10:04.315602','2023-01-22 23:10:15.000000','2023-01-22 23:10:15.000000',13,294),(332,0,'2023-01-22 23:10:17.831213','2023-01-22 23:10:17.831213',NULL,14,239),(333,0,'2023-01-22 23:10:29.374499','2023-01-22 23:10:29.374499',NULL,14,294),(334,0,'2023-01-22 23:11:02.966324','2023-01-22 23:53:24.000000','2023-01-22 23:53:24.000000',11,237),(335,0,'2023-01-22 23:11:46.579119','2023-01-22 23:11:46.579119',NULL,13,276),(336,0,'2023-01-22 23:12:42.052322','2023-01-22 23:12:42.052322',NULL,15,132),(337,1,'2023-01-22 23:13:47.632228','2023-01-22 23:13:47.632228',NULL,13,293),(338,0,'2023-01-22 23:13:50.673424','2023-01-22 23:13:50.673424',NULL,15,128),(339,0,'2023-01-22 23:19:00.313599','2023-01-22 23:19:00.313599',NULL,15,118),(340,0,'2023-01-22 23:19:47.052316','2023-01-22 23:19:47.052316',NULL,13,300),(341,0,'2023-01-22 23:20:00.468939','2023-01-23 05:54:02.000000','2023-01-23 05:54:02.000000',15,116),(342,0,'2023-01-22 23:20:13.977816','2023-01-22 23:20:13.977816',NULL,20,116),(343,0,'2023-01-22 23:20:22.477093','2023-01-27 14:57:37.000000','2023-01-27 14:57:37.000000',23,116),(344,1,'2023-01-22 23:20:40.615182','2023-01-22 23:20:40.615182',NULL,15,111),(345,0,'2023-01-22 23:22:03.023246','2023-01-22 23:22:03.023246',NULL,13,236),(346,0,'2023-01-22 23:22:50.550224','2023-01-22 23:22:50.550224',NULL,11,265),(347,0,'2023-01-22 23:27:41.500351','2023-01-23 12:33:52.000000','2023-01-23 12:33:52.000000',15,121),(348,0,'2023-01-22 23:27:50.679191','2023-01-22 23:27:50.679191',NULL,20,121),(349,0,'2023-01-22 23:27:56.630332','2023-01-27 15:02:45.000000','2023-01-27 15:02:45.000000',23,121),(350,0,'2023-01-22 23:32:28.195531','2023-01-24 01:40:36.000000','2023-01-24 01:40:36.000000',26,166),(351,0,'2023-01-22 23:38:13.041387','2023-01-22 23:38:13.041387',NULL,15,124),(352,0,'2023-01-22 23:38:26.293524','2023-01-22 23:38:26.293524',NULL,11,124),(353,0,'2023-01-22 23:47:27.468305','2023-01-22 23:47:27.468305',NULL,13,280),(354,0,'2023-01-22 23:49:23.891532','2023-01-22 23:49:23.891532',NULL,13,248),(355,0,'2023-01-22 23:50:08.677868','2023-01-22 23:50:08.677868',NULL,15,126),(356,0,'2023-01-22 23:53:28.873033','2023-01-22 23:53:28.873033',NULL,11,237),(357,0,'2023-01-22 23:53:42.872550','2023-01-22 23:53:44.000000','2023-01-22 23:53:44.000000',13,237),(358,0,'2023-01-22 23:54:03.654336','2023-01-22 23:54:03.654336',NULL,13,237),(359,1,'2023-01-23 00:00:35.572197','2023-01-23 15:50:59.000000','2023-01-23 15:50:59.000000',12,264),(360,0,'2023-01-23 00:01:10.244992','2023-01-23 00:01:10.244992',NULL,15,173),(361,1,'2023-01-23 00:02:07.493435','2023-01-23 00:02:07.493435',NULL,13,264),(362,0,'2023-01-23 00:04:35.485544','2023-01-23 00:04:35.485544',NULL,13,275),(363,0,'2023-01-23 00:07:32.961905','2023-01-23 00:07:32.961905',NULL,11,275),(364,0,'2023-01-23 00:10:42.525992','2023-01-23 00:10:42.525992',NULL,14,279),(365,1,'2023-01-23 00:17:13.099497','2023-01-23 00:17:13.099497',NULL,11,154),(366,0,'2023-01-23 00:35:07.357197','2023-01-23 00:35:07.357197',NULL,12,161),(367,0,'2023-01-23 00:37:52.571573','2023-01-23 00:37:52.571573',NULL,16,155),(368,0,'2023-01-23 00:46:15.408177','2023-01-23 00:46:15.408177',NULL,19,174),(369,0,'2023-01-23 01:39:23.731841','2023-01-23 01:39:23.731841',NULL,13,297),(370,0,'2023-01-23 02:36:01.638479','2023-01-23 02:36:01.638479',NULL,19,123),(371,0,'2023-01-23 02:36:22.077656','2023-01-23 02:36:22.077656',NULL,22,123),(372,0,'2023-01-23 02:36:29.757609','2023-01-23 02:36:29.757609',NULL,25,123),(373,1,'2023-01-23 05:54:07.260548','2023-01-23 05:54:07.260548',NULL,15,116),(374,1,'2023-01-23 08:10:45.384534','2023-01-23 17:04:53.000000','2023-01-23 17:04:53.000000',16,160),(375,0,'2023-01-23 08:32:59.587065','2023-01-23 08:32:59.587065',NULL,16,131),(376,0,'2023-01-23 08:33:25.290143','2023-01-24 11:24:12.000000','2023-01-24 11:24:12.000000',21,131),(377,0,'2023-01-23 08:33:46.422992','2023-01-23 08:33:46.422992',NULL,24,131),(378,0,'2023-01-23 08:34:01.760436','2023-01-23 08:34:01.760436',NULL,26,131),(379,0,'2023-01-23 10:08:23.023850','2023-01-23 10:08:27.000000','2023-01-23 10:08:27.000000',15,170),(380,0,'2023-01-23 10:08:33.820630','2023-01-23 10:08:33.820630',NULL,16,170),(381,0,'2023-01-23 10:08:47.796654','2023-01-23 10:08:47.796654',NULL,21,170),(382,0,'2023-01-23 10:09:00.367206','2023-01-23 10:09:00.367206',NULL,24,170),(383,0,'2023-01-23 10:14:00.368421','2023-01-23 10:14:00.368421',NULL,16,147),(384,0,'2023-01-23 10:15:42.425963','2023-01-23 10:20:40.000000','2023-01-23 10:20:40.000000',11,113),(385,0,'2023-01-23 10:18:57.591534','2023-01-23 10:18:57.591534',NULL,11,238),(386,1,'2023-01-23 10:20:47.442932','2023-01-23 10:20:47.442932',NULL,11,113),(387,0,'2023-01-23 10:22:24.896079','2023-01-23 10:22:24.896079',NULL,16,156),(388,1,'2023-01-23 10:26:13.639840','2023-01-23 10:26:13.639840',NULL,16,141),(389,0,'2023-01-23 10:30:33.571384','2023-01-23 10:30:33.571384',NULL,13,295),(390,1,'2023-01-23 11:17:49.410789','2023-01-23 11:17:49.410789',NULL,16,169),(391,0,'2023-01-23 11:31:56.806694','2023-01-23 11:31:56.806694',NULL,14,296),(392,0,'2023-01-23 11:45:36.223472','2023-01-23 11:45:44.000000','2023-01-23 11:45:44.000000',15,145),(393,0,'2023-01-23 11:45:55.249178','2023-01-23 11:45:55.249178',NULL,16,145),(394,0,'2023-01-23 11:46:26.578180','2023-01-23 11:46:26.578180',NULL,21,145),(395,0,'2023-01-23 11:46:47.160720','2023-01-23 11:46:47.160720',NULL,24,145),(396,0,'2023-01-23 11:51:30.545281','2023-01-23 11:51:30.545281',NULL,13,288),(397,0,'2023-01-23 11:52:54.570687','2023-01-23 11:52:54.570687',NULL,13,238),(398,0,'2023-01-23 11:58:43.945748','2023-01-23 20:48:23.000000','2023-01-23 20:48:23.000000',19,127),(399,0,'2023-01-23 11:59:19.449203','2023-01-23 11:59:19.449203',NULL,20,127),(400,0,'2023-01-23 11:59:31.437514','2023-01-23 11:59:31.437514',NULL,23,127),(401,1,'2023-01-23 12:06:23.021330','2023-01-23 12:06:23.021330',NULL,16,138),(402,1,'2023-01-23 12:06:53.525122','2023-01-25 15:04:52.000000','2023-01-25 15:04:52.000000',21,138),(403,1,'2023-01-23 12:08:14.329024','2023-01-23 12:08:14.329024',NULL,25,138),(404,1,'2023-01-23 12:18:04.444807','2023-01-23 14:27:02.000000','2023-01-23 14:27:02.000000',15,130),(405,0,'2023-01-23 12:34:03.531532','2023-01-23 12:34:03.531532',NULL,16,121),(406,0,'2023-01-23 12:35:40.569624','2023-01-23 12:35:40.569624',NULL,16,129),(407,0,'2023-01-23 12:37:03.588279','2023-01-23 12:37:03.588279',NULL,16,134),(408,0,'2023-01-23 12:40:52.107497','2023-01-23 13:07:01.000000','2023-01-23 13:07:01.000000',12,284),(409,0,'2023-01-23 12:59:44.224598','2023-01-23 12:59:44.224598',NULL,13,292),(410,0,'2023-01-23 13:07:06.630068','2023-01-23 13:08:22.000000','2023-01-23 13:08:22.000000',12,284),(411,0,'2023-01-23 13:08:32.447093','2023-01-23 13:08:32.447093',NULL,13,284),(412,0,'2023-01-23 13:24:46.231242','2023-01-23 13:24:46.231242',NULL,20,135),(413,0,'2023-01-23 13:24:55.449140','2023-01-27 14:47:56.000000','2023-01-27 14:47:56.000000',23,135),(414,0,'2023-01-23 13:34:25.699509','2023-01-23 13:34:25.699509',NULL,14,299),(415,0,'2023-01-23 13:47:06.122735','2023-01-23 13:47:06.122735',NULL,19,109),(416,1,'2023-01-23 13:53:10.584300','2023-01-23 13:53:21.000000','2023-01-23 13:53:21.000000',15,137),(417,1,'2023-01-23 13:53:25.933355','2023-01-23 13:53:25.933355',NULL,15,137),(418,0,'2023-01-23 14:02:21.929011','2023-01-23 14:02:21.929011',NULL,26,255),(419,0,'2023-01-23 14:04:40.519969','2023-01-23 14:04:40.519969',NULL,27,120),(420,0,'2023-01-23 14:05:09.641802','2023-01-23 14:05:09.641802',NULL,21,120),(421,0,'2023-01-23 14:05:39.503431','2023-01-27 18:28:36.000000','2023-01-27 18:28:36.000000',24,120),(422,1,'2023-01-23 14:06:31.380098','2023-01-23 15:50:15.000000','2023-01-23 15:50:15.000000',15,167),(423,0,'2023-01-23 14:10:11.879336','2023-01-23 14:10:11.879336',NULL,14,241),(424,0,'2023-01-23 14:27:28.694954','2023-01-23 14:27:28.694954',NULL,15,130),(425,1,'2023-01-23 14:31:50.727647','2023-01-23 14:32:21.000000','2023-01-23 14:32:21.000000',13,175),(426,0,'2023-01-23 14:43:53.655214','2023-01-23 14:43:53.655214',NULL,16,148),(427,0,'2023-01-23 14:44:07.492853','2023-01-23 14:44:07.492853',NULL,21,148),(428,0,'2023-01-23 14:44:18.509015','2023-01-23 14:44:18.509015',NULL,24,148),(429,0,'2023-01-23 14:44:54.910641','2023-01-23 14:44:54.910641',NULL,32,148),(430,1,'2023-01-23 14:45:11.718775','2023-01-23 14:45:11.718775',NULL,27,148),(431,1,'2023-01-23 14:46:40.398638','2023-01-23 14:46:40.398638',NULL,12,150),(432,0,'2023-01-23 15:19:04.240244','2023-01-23 15:19:04.240244',NULL,15,136),(433,1,'2023-01-23 15:50:18.587994','2023-01-23 18:53:55.000000','2023-01-23 18:53:55.000000',15,167),(434,1,'2023-01-23 15:51:18.168600','2023-01-23 15:51:18.168600',NULL,27,264),(435,1,'2023-01-23 15:58:48.497825','2023-01-23 15:58:48.497825',NULL,15,113),(436,1,'2023-01-23 17:05:24.663887','2023-01-23 17:05:24.663887',NULL,19,160),(437,0,'2023-01-23 19:06:45.681014','2023-01-23 19:06:45.681014',NULL,26,256),(438,0,'2023-01-23 20:07:14.645016','2023-01-23 20:07:14.645016',NULL,26,149),(439,0,'2023-01-23 20:33:44.067520','2023-01-23 20:33:44.067520',NULL,19,153),(440,0,'2023-01-23 20:34:22.073486','2023-01-23 20:34:22.073486',NULL,26,153),(441,0,'2023-01-23 20:48:34.135189','2023-01-23 20:48:34.135189',NULL,19,127),(442,0,'2023-01-23 21:07:32.192291','2023-01-23 21:07:32.192291',NULL,28,287),(443,0,'2023-01-23 21:22:48.314253','2023-01-23 21:22:53.000000','2023-01-23 21:22:53.000000',23,168),(444,1,'2023-01-23 21:29:02.263356','2023-01-23 21:29:02.263356',NULL,26,152),(445,1,'2023-01-23 21:29:32.007586','2023-01-23 21:29:32.007586',NULL,19,152),(446,0,'2023-01-23 21:31:35.619156','2023-01-23 21:31:35.619156',NULL,26,254),(447,0,'2023-01-23 22:12:34.979296','2023-01-23 22:12:34.979296',NULL,27,284),(448,1,'2023-01-23 22:29:06.461769','2023-01-23 22:29:59.000000','2023-01-23 22:29:59.000000',26,116),(449,0,'2023-01-23 22:29:20.708489','2023-01-23 22:29:20.708489',NULL,30,116),(450,0,'2023-01-23 22:30:02.304436','2023-01-23 22:43:08.000000','2023-01-23 22:43:08.000000',26,116),(451,1,'2023-01-23 22:43:10.944492','2023-01-24 11:57:11.000000','2023-01-24 11:57:11.000000',26,116),(452,0,'2023-01-24 00:15:13.854259','2023-01-24 00:15:13.854259',NULL,26,110),(453,0,'2023-01-24 01:40:43.972892','2023-01-24 10:03:21.000000','2023-01-24 10:03:21.000000',26,166),(454,0,'2023-01-24 01:49:19.445852','2023-01-24 01:49:19.445852',NULL,19,140),(455,0,'2023-01-24 10:03:25.755632','2023-01-24 10:03:25.755632',NULL,26,166),(456,0,'2023-01-24 11:24:36.306186','2023-01-24 11:24:36.306186',NULL,22,131),(457,0,'2023-01-24 11:25:30.078017','2023-01-24 11:25:30.078017',NULL,30,131),(458,1,'2023-01-24 11:57:14.432562','2023-01-24 11:57:14.432562',NULL,26,116),(459,1,'2023-01-24 11:58:31.700739','2023-01-24 11:58:31.700739',NULL,27,140),(460,1,'2023-01-24 13:56:43.712455','2023-01-24 13:56:43.712455',NULL,27,263),(461,0,'2023-01-24 14:02:41.847472','2023-01-24 14:02:41.847472',NULL,20,149),(462,0,'2023-01-24 14:02:58.530688','2023-01-24 14:02:58.530688',NULL,23,149),(463,0,'2023-01-24 14:03:23.488335','2023-01-24 14:03:23.488335',NULL,30,149),(464,0,'2023-01-24 14:37:42.423182','2023-01-24 14:37:42.423182',NULL,20,132),(465,0,'2023-01-24 15:15:15.758785','2023-01-24 19:18:14.000000','2023-01-24 19:18:14.000000',30,242),(466,0,'2023-01-24 15:48:23.367518','2023-01-24 15:48:23.367518',NULL,34,143),(467,1,'2023-01-24 15:51:46.847769','2023-01-24 15:58:55.000000','2023-01-24 15:58:55.000000',19,167),(468,0,'2023-01-24 15:55:43.720227','2023-01-24 15:55:43.720227',NULL,28,237),(469,0,'2023-01-24 16:24:06.869557','2023-01-24 16:24:06.869557',NULL,19,112),(470,0,'2023-01-24 16:44:48.355431','2023-01-24 16:44:48.355431',NULL,24,136),(471,1,'2023-01-24 17:22:41.770051','2023-01-24 17:22:41.770051',NULL,19,110),(472,0,'2023-01-24 17:28:56.489868','2023-01-25 11:31:51.000000','2023-01-25 11:31:51.000000',20,173),(473,0,'2023-01-24 17:33:29.113138','2023-01-26 13:58:37.000000','2023-01-26 13:58:37.000000',34,261),(474,0,'2023-01-24 17:47:10.285391','2023-01-24 17:47:10.285391',NULL,28,241),(475,0,'2023-01-24 18:26:17.337005','2023-01-24 18:26:17.337005',NULL,28,159),(476,0,'2023-01-24 18:38:37.477686','2023-01-24 18:38:37.477686',NULL,28,170),(477,0,'2023-01-24 19:18:24.049316','2023-01-24 19:18:24.049316',NULL,28,242),(478,0,'2023-01-24 19:23:27.022017','2023-01-24 19:23:27.022017',NULL,34,251),(479,0,'2023-01-24 20:30:24.943313','2023-01-24 20:30:24.943313',NULL,30,166),(480,0,'2023-01-24 20:31:13.375062','2023-01-24 20:31:13.375062',NULL,20,113),(481,0,'2023-01-24 20:42:14.187412','2023-01-24 20:42:14.187412',NULL,28,113),(482,0,'2023-01-24 20:57:01.244636','2023-01-25 15:28:12.000000','2023-01-25 15:28:12.000000',35,275),(483,0,'2023-01-24 20:57:25.597276','2023-01-24 20:57:25.597276',NULL,35,251),(484,0,'2023-01-24 20:57:33.524279','2023-01-24 20:57:33.524279',NULL,38,275),(485,0,'2023-01-24 20:57:38.368985','2023-01-24 20:57:38.368985',NULL,35,295),(486,0,'2023-01-24 20:57:42.590216','2023-01-24 20:57:42.590216',NULL,37,251),(487,0,'2023-01-24 20:57:54.271602','2023-01-24 20:57:54.271602',NULL,35,259),(488,0,'2023-01-24 20:59:39.271209','2023-01-24 20:59:39.271209',NULL,35,287),(489,0,'2023-01-24 21:00:06.763585','2023-01-24 21:00:06.763585',NULL,37,287),(490,0,'2023-01-24 21:00:15.029126','2023-01-24 21:00:15.029126',NULL,35,241),(491,0,'2023-01-24 21:00:43.153622','2023-01-24 21:00:43.153622',NULL,37,241),(492,0,'2023-01-24 21:02:51.127171','2023-01-24 21:02:51.127171',NULL,32,150),(493,0,'2023-01-24 21:06:40.908094','2023-01-24 21:06:47.000000','2023-01-24 21:06:47.000000',35,299),(494,0,'2023-01-24 21:07:04.481369','2023-01-24 21:07:04.481369',NULL,36,299),(495,0,'2023-01-24 21:08:09.273471','2023-01-24 21:08:09.273471',NULL,36,261),(496,0,'2023-01-24 21:08:29.341580','2023-01-24 21:08:29.341580',NULL,37,261),(497,0,'2023-01-24 21:08:48.393181','2023-01-24 21:08:48.393181',NULL,35,237),(498,0,'2023-01-24 21:10:45.069609','2023-01-24 21:10:45.069609',NULL,36,279),(499,0,'2023-01-24 21:11:46.210895','2023-01-24 21:11:46.210895',NULL,35,242),(500,0,'2023-01-24 21:13:54.105357','2023-01-24 21:13:54.105357',NULL,35,283),(501,0,'2023-01-24 21:14:09.356749','2023-01-26 13:55:07.000000','2023-01-26 13:55:07.000000',37,283),(502,0,'2023-01-24 21:14:14.301075','2023-01-24 21:14:14.301075',NULL,35,284),(503,0,'2023-01-24 21:16:20.868008','2023-01-27 11:42:18.000000','2023-01-27 11:42:18.000000',37,284),(504,0,'2023-01-24 21:21:37.756816','2023-01-24 21:22:09.000000','2023-01-24 21:22:09.000000',35,266),(505,0,'2023-01-24 21:24:37.846588','2023-01-24 21:24:37.846588',NULL,38,279),(506,0,'2023-01-24 21:25:47.864284','2023-01-24 21:26:01.000000','2023-01-24 21:26:01.000000',35,266),(507,0,'2023-01-24 21:26:46.406735','2023-01-24 21:26:58.000000','2023-01-24 21:26:58.000000',35,266),(508,0,'2023-01-24 21:27:14.570522','2023-01-24 21:27:14.570522',NULL,36,266),(509,0,'2023-01-24 21:28:10.130261','2023-01-24 21:28:10.130261',NULL,38,266),(510,0,'2023-01-24 21:28:25.688193','2023-01-24 21:28:25.688193',NULL,28,110),(511,0,'2023-01-24 21:29:55.619105','2023-01-24 21:29:55.619105',NULL,34,298),(512,0,'2023-01-24 21:30:40.987686','2023-01-24 21:30:40.987686',NULL,35,298),(513,0,'2023-01-24 21:31:58.322148','2023-01-24 21:32:05.000000','2023-01-24 21:32:05.000000',35,294),(514,0,'2023-01-24 21:36:03.908941','2023-01-24 21:36:03.908941',NULL,36,294),(515,0,'2023-01-24 21:36:20.029239','2023-01-24 21:36:20.029239',NULL,38,294),(516,0,'2023-01-24 21:37:35.302025','2023-01-24 21:37:35.302025',NULL,28,265),(517,0,'2023-01-24 21:37:55.119113','2023-01-24 21:37:55.119113',NULL,35,265),(518,0,'2023-01-24 21:38:42.304827','2023-01-24 21:38:42.304827',NULL,35,248),(519,0,'2023-01-24 21:38:44.800946','2023-01-24 21:38:44.800946',NULL,37,265),(520,0,'2023-01-24 21:38:55.560608','2023-01-24 21:38:55.560608',NULL,37,248),(521,0,'2023-01-24 21:48:52.118525','2023-01-24 21:48:52.118525',NULL,32,280),(522,0,'2023-01-24 21:49:09.182979','2023-01-24 21:49:09.182979',NULL,34,280),(523,1,'2023-01-24 22:06:59.071595','2023-01-24 22:07:30.000000','2023-01-24 22:07:30.000000',20,137),(524,0,'2023-01-24 22:07:12.922462','2023-01-27 12:00:48.000000','2023-01-27 12:00:48.000000',23,137),(525,1,'2023-01-24 22:07:42.241005','2023-01-24 22:07:42.241005',NULL,20,137),(526,0,'2023-01-24 22:48:02.356448','2023-01-24 22:48:19.000000','2023-01-24 22:48:19.000000',35,303),(527,0,'2023-01-24 22:48:29.015077','2023-01-24 22:48:29.015077',NULL,36,303),(528,0,'2023-01-24 22:54:43.066574','2023-01-24 22:54:43.066574',NULL,21,144),(529,0,'2023-01-24 22:55:08.035553','2023-01-24 22:55:08.035553',NULL,35,301),(530,0,'2023-01-24 22:56:59.401903','2023-01-24 22:56:59.401903',NULL,21,140),(531,0,'2023-01-24 23:33:05.789088','2023-01-24 23:33:05.789088',NULL,20,126),(532,0,'2023-01-24 23:33:13.409874','2023-01-24 23:33:13.409874',NULL,28,126),(533,0,'2023-01-24 23:33:45.412920','2023-01-24 23:33:45.412920',NULL,32,164),(534,0,'2023-01-24 23:34:35.253039','2023-01-24 23:34:35.253039',NULL,21,164),(535,1,'2023-01-25 00:14:40.291301','2023-01-25 00:14:40.291301',NULL,35,272),(536,1,'2023-01-25 00:14:58.623342','2023-01-25 00:14:58.623342',NULL,37,272),(537,0,'2023-01-25 00:48:03.077881','2023-01-25 00:48:03.077881',NULL,35,263),(538,0,'2023-01-25 00:48:20.403106','2023-01-25 00:48:20.403106',NULL,37,263),(539,0,'2023-01-25 00:55:29.103107','2023-01-25 00:55:29.103107',NULL,28,252),(540,0,'2023-01-25 01:47:27.866128','2023-01-25 02:21:12.000000','2023-01-25 02:21:12.000000',35,304),(541,0,'2023-01-25 02:09:22.535089','2023-01-25 02:09:22.535089',NULL,35,300),(542,1,'2023-01-25 02:21:29.606580','2023-01-25 02:21:33.000000','2023-01-25 02:21:33.000000',35,304),(543,1,'2023-01-25 02:22:06.985750','2023-01-25 11:05:16.000000','2023-01-25 11:05:16.000000',36,304),(544,1,'2023-01-25 02:57:53.406325','2023-01-25 02:57:53.406325',NULL,21,152),(545,0,'2023-01-25 04:12:04.316722','2023-01-25 04:12:04.316722',NULL,28,152),(546,0,'2023-01-25 08:48:47.042999','2023-01-25 08:49:38.000000','2023-01-25 08:49:38.000000',32,276),(547,0,'2023-01-25 08:50:41.839908','2023-01-25 08:50:41.839908',NULL,34,276),(548,0,'2023-01-25 08:51:16.963288','2023-01-25 08:51:16.963288',NULL,35,276),(549,0,'2023-01-25 08:52:01.089405','2023-01-25 08:52:01.089405',NULL,37,276),(550,0,'2023-01-25 10:03:08.293484','2023-01-25 14:34:12.000000','2023-01-25 14:34:12.000000',32,139),(551,0,'2023-01-25 10:10:28.209763','2023-01-25 10:10:28.209763',NULL,22,114),(552,0,'2023-01-25 10:30:10.317646','2023-01-25 10:30:10.317646',NULL,20,128),(553,0,'2023-01-25 10:30:17.695824','2023-01-25 10:30:17.695824',NULL,28,238),(554,0,'2023-01-25 10:31:00.427498','2023-01-25 11:50:02.000000','2023-01-25 11:50:02.000000',35,238),(555,0,'2023-01-25 10:31:24.088979','2023-01-27 14:31:11.000000','2023-01-27 14:31:11.000000',37,238),(556,0,'2023-01-25 10:32:24.144576','2023-01-25 10:32:24.144576',NULL,20,118),(557,1,'2023-01-25 11:05:36.423573','2023-01-25 11:05:36.423573',NULL,36,304),(558,1,'2023-01-25 11:13:20.338498','2023-01-25 11:13:20.338498',NULL,20,111),(559,0,'2023-01-25 11:32:27.141882','2023-01-26 17:06:57.000000','2023-01-26 17:06:57.000000',22,173),(560,0,'2023-01-25 11:50:34.653228','2023-01-25 14:35:33.000000','2023-01-25 14:35:33.000000',36,238),(561,0,'2023-01-25 12:17:33.639280','2023-01-25 12:17:33.639280',NULL,20,124),(562,0,'2023-01-25 12:28:26.563697','2023-01-25 12:28:26.563697',NULL,35,297),(563,1,'2023-01-25 12:28:42.113086','2023-01-25 12:28:42.113086',NULL,23,141),(564,0,'2023-01-25 12:29:16.511035','2023-01-25 12:29:16.511035',NULL,37,297),(565,0,'2023-01-25 12:36:57.695130','2023-01-25 12:36:57.695130',NULL,36,239),(566,0,'2023-01-25 12:39:13.906073','2023-01-25 12:39:13.906073',NULL,38,239),(567,1,'2023-01-25 13:32:14.246671','2023-01-25 13:32:14.246671',NULL,24,156),(568,1,'2023-01-25 13:59:42.827389','2023-01-25 14:40:30.000000','2023-01-25 14:40:30.000000',30,286),(569,0,'2023-01-25 14:35:48.050940','2023-01-25 14:35:48.050940',NULL,35,238),(570,1,'2023-01-25 14:40:46.472945','2023-01-25 14:40:46.472945',NULL,34,286),(571,0,'2023-01-25 14:51:05.034439','2023-01-25 14:51:05.034439',NULL,20,155),(572,0,'2023-01-25 15:05:36.447844','2023-01-25 15:05:36.447844',NULL,21,138),(573,0,'2023-01-25 15:06:59.322159','2023-01-25 15:06:59.322159',NULL,35,292),(574,0,'2023-01-25 15:10:38.027972','2023-01-25 18:26:59.000000','2023-01-25 18:26:59.000000',36,288),(575,0,'2023-01-25 15:17:55.595510','2023-01-25 15:17:58.000000','2023-01-25 15:17:58.000000',37,300),(576,0,'2023-01-25 15:28:25.158572','2023-01-25 15:28:25.158572',NULL,36,275),(577,0,'2023-01-25 15:56:53.869966','2023-01-25 15:56:53.869966',NULL,37,236),(578,1,'2023-01-25 16:03:07.845615','2023-01-25 16:03:14.000000','2023-01-25 16:03:14.000000',36,286),(579,0,'2023-01-25 16:16:23.294861','2023-01-25 16:16:23.294861',NULL,37,298),(580,0,'2023-01-25 18:27:08.097852','2023-01-25 18:27:08.097852',NULL,36,288),(581,0,'2023-01-25 21:18:02.495280','2023-01-25 21:18:02.495280',NULL,30,254),(582,0,'2023-01-25 22:29:17.112031','2023-01-25 22:29:17.112031',NULL,30,129),(583,0,'2023-01-25 23:45:59.410790','2023-01-25 23:45:59.410790',NULL,22,153),(584,0,'2023-01-25 23:46:53.058788','2023-01-25 23:46:53.058788',NULL,30,153),(585,0,'2023-01-26 09:51:34.406777','2023-01-26 09:51:34.406777',NULL,34,161),(586,0,'2023-01-26 09:51:51.547173','2023-01-26 09:51:51.547173',NULL,22,161),(587,0,'2023-01-26 10:29:38.342271','2023-01-26 10:29:38.342271',NULL,30,256),(588,0,'2023-01-26 11:45:25.558230','2023-01-26 11:45:25.558230',NULL,34,248),(589,0,'2023-01-26 13:05:27.727657','2023-01-26 13:05:27.727657',NULL,37,259),(590,0,'2023-01-26 14:07:26.373525','2023-01-26 14:07:26.373525',NULL,34,297),(591,0,'2023-01-26 15:00:57.892308','2023-01-26 15:00:57.892308',NULL,34,299),(592,0,'2023-01-26 15:04:48.829490','2023-01-26 15:04:48.829490',NULL,22,109),(593,0,'2023-01-26 16:14:31.248069','2023-01-26 16:14:31.248069',NULL,37,301),(594,0,'2023-01-26 16:49:42.374150','2023-01-26 16:49:52.000000','2023-01-26 16:49:52.000000',22,169),(595,0,'2023-01-26 16:49:57.302097','2023-01-26 16:50:02.000000','2023-01-26 16:50:02.000000',22,169),(596,0,'2023-01-26 16:50:16.168647','2023-01-26 16:50:16.168647',NULL,22,169),(597,1,'2023-01-26 17:07:06.358159','2023-01-26 17:07:06.358159',NULL,22,173),(598,0,'2023-01-26 17:28:24.989423','2023-01-26 17:28:36.000000','2023-01-26 17:28:36.000000',38,304),(599,0,'2023-01-26 17:28:53.406281','2023-01-26 17:29:32.000000','2023-01-26 17:29:32.000000',38,304),(600,0,'2023-01-26 17:29:39.659130','2023-01-26 17:29:39.659130',NULL,38,304),(601,0,'2023-01-26 17:32:25.800673','2023-01-26 17:32:25.800673',NULL,38,296),(602,0,'2023-01-26 18:58:16.010500','2023-01-26 18:58:16.010500',NULL,22,110),(603,0,'2023-01-26 19:12:06.053365','2023-01-27 09:12:42.000000','2023-01-27 09:12:42.000000',37,237),(604,0,'2023-01-26 19:17:46.511818','2023-01-26 19:17:46.511818',NULL,23,126),(605,0,'2023-01-26 19:18:58.155410','2023-01-26 19:18:58.155410',NULL,25,118),(606,0,'2023-01-26 19:46:12.087013','2023-01-26 19:46:12.087013',NULL,25,128),(607,0,'2023-01-26 19:50:57.302516','2023-01-26 19:50:57.302516',NULL,23,153),(608,0,'2023-01-26 20:13:38.731087','2023-01-26 20:13:38.731087',NULL,37,242),(609,0,'2023-01-26 20:32:59.958525','2023-01-26 20:33:13.000000','2023-01-26 20:33:13.000000',25,160),(610,0,'2023-01-26 20:33:52.763190','2023-01-28 17:39:15.000000','2023-01-28 17:39:15.000000',25,160),(611,0,'2023-01-26 21:28:20.675714','2023-01-27 13:36:37.000000','2023-01-27 13:36:37.000000',23,113),(612,0,'2023-01-26 23:27:57.579885','2023-01-26 23:27:57.579885',NULL,25,124),(613,0,'2023-01-26 23:32:01.802655','2023-01-26 23:32:01.802655',NULL,23,173),(614,0,'2023-01-27 00:26:13.641216','2023-01-27 00:26:13.641216',NULL,38,300),(615,0,'2023-01-27 03:02:48.344918','2023-01-27 03:02:53.000000','2023-01-27 03:02:53.000000',23,119),(616,0,'2023-01-27 03:03:21.911009','2023-01-27 03:03:21.911009',NULL,24,119),(617,0,'2023-01-27 04:28:09.139620','2023-01-27 04:28:09.139620',NULL,38,303),(618,0,'2023-01-27 05:06:12.454689','2023-01-27 05:06:12.454689',NULL,24,144),(619,0,'2023-01-27 09:12:45.987001','2023-01-27 09:12:47.000000','2023-01-27 09:12:47.000000',38,237),(620,0,'2023-01-27 09:12:57.285604','2023-01-27 09:13:04.000000','2023-01-27 09:13:04.000000',37,237),(621,0,'2023-01-27 09:13:10.666723','2023-01-27 09:13:10.666723',NULL,38,237),(622,0,'2023-01-27 12:01:26.794013','2023-01-27 12:01:26.794013',NULL,23,137),(623,0,'2023-01-27 12:48:53.358925','2023-01-27 12:49:01.000000','2023-01-27 12:49:01.000000',23,111),(624,0,'2023-01-27 12:49:20.024041','2023-01-27 12:49:20.024041',NULL,23,111),(625,0,'2023-01-27 13:09:51.610264','2023-01-27 13:09:51.610264',NULL,37,280),(626,0,'2023-01-27 13:36:59.549917','2023-01-27 13:36:59.549917',NULL,25,113),(627,0,'2023-01-27 13:44:03.569101','2023-01-27 13:44:03.569101',NULL,37,299),(628,0,'2023-01-27 14:31:22.644636','2023-01-27 14:31:32.000000','2023-01-27 14:31:32.000000',37,238),(629,0,'2023-01-27 14:32:26.619454','2023-01-27 14:32:26.619454',NULL,38,238),(630,0,'2023-01-27 14:48:41.393198','2023-01-27 14:49:06.000000','2023-01-27 14:49:06.000000',23,135),(631,0,'2023-01-27 14:55:54.668406','2023-01-27 14:55:54.668406',NULL,23,135),(632,0,'2023-01-27 14:57:44.712798','2023-01-27 14:57:46.000000','2023-01-27 14:57:46.000000',23,116),(633,0,'2023-01-27 14:57:55.729250','2023-01-27 14:57:55.729250',NULL,23,116),(634,0,'2023-01-27 15:03:06.542525','2023-01-27 15:03:11.000000','2023-01-27 15:03:11.000000',23,121),(635,0,'2023-01-27 15:03:20.236025','2023-01-27 15:03:20.236025',NULL,23,121),(636,0,'2023-01-27 15:29:37.041886','2023-01-27 15:29:37.041886',NULL,23,155),(637,0,'2023-01-27 15:52:10.939358','2023-01-27 17:23:05.000000','2023-01-27 17:23:05.000000',24,139),(638,0,'2023-01-27 16:27:34.889708','2023-01-27 16:27:34.889708',NULL,24,140),(639,0,'2023-01-27 23:11:26.190126','2023-01-27 23:11:26.190126',NULL,25,164),(640,0,'2023-01-28 00:47:18.074243','2023-01-28 00:47:18.074243',NULL,25,115),(641,0,'2023-01-28 10:17:33.222486','2023-01-28 10:17:33.222486',NULL,25,114),(642,0,'2023-01-28 16:16:20.428585','2023-01-28 16:16:20.428585',NULL,25,112),(643,0,'2023-01-28 17:51:48.437119','2023-01-28 17:51:48.437119',NULL,25,160),(644,0,'2023-01-29 15:04:23.456013','2023-01-29 15:04:23.456013',NULL,43,166),(645,0,'2023-01-29 15:04:35.736251','2023-01-29 15:04:35.736251',NULL,46,166),(646,0,'2023-01-29 15:04:44.038780','2023-01-29 15:04:44.038780',NULL,49,166),(647,0,'2023-01-29 15:04:54.996192','2023-01-29 15:04:54.996192',NULL,40,166),(648,0,'2023-01-29 15:06:42.590682','2023-01-29 15:06:42.590682',NULL,43,143),(649,0,'2023-01-29 15:07:00.600633','2023-01-30 18:24:39.000000','2023-01-30 18:24:39.000000',46,143),(650,0,'2023-01-29 15:07:11.345447','2023-01-29 15:07:11.345447',NULL,49,143),(651,0,'2023-01-29 15:07:18.142936','2023-01-30 04:55:10.000000','2023-01-30 04:55:10.000000',39,275),(652,0,'2023-01-29 15:07:39.782761','2023-01-30 15:52:07.000000','2023-01-30 15:52:07.000000',41,143),(653,0,'2023-01-29 15:37:09.759663','2023-01-29 15:37:09.759663',NULL,45,109),(654,0,'2023-01-29 15:39:32.151875','2023-01-29 15:39:32.151875',NULL,44,163),(655,0,'2023-01-29 15:40:00.103706','2023-01-29 15:40:00.103706',NULL,47,163),(656,0,'2023-01-29 15:40:15.787123','2023-01-29 15:40:15.787123',NULL,43,137),(657,0,'2023-01-29 15:40:30.805110','2023-01-29 15:40:30.805110',NULL,50,163),(658,0,'2023-01-29 15:42:02.876878','2023-01-29 15:42:02.876878',NULL,43,119),(659,0,'2023-01-29 15:43:15.703149','2023-01-29 20:21:01.000000','2023-01-29 20:21:01.000000',46,119),(660,0,'2023-01-29 15:44:01.783340','2023-01-29 15:44:01.783340',NULL,49,119),(661,0,'2023-01-29 15:44:41.494437','2023-01-29 15:44:41.494437',NULL,45,154),(662,0,'2023-01-29 15:44:51.499246','2023-01-29 15:44:51.499246',NULL,43,133),(663,0,'2023-01-29 15:44:59.997788','2023-01-29 15:44:59.997788',NULL,48,154),(664,0,'2023-01-29 15:45:02.348326','2023-02-01 12:45:07.000000','2023-02-01 12:45:07.000000',46,133),(665,0,'2023-01-29 15:45:08.461943','2023-02-02 22:04:26.000000','2023-02-02 22:04:26.000000',49,133),(666,0,'2023-01-29 15:45:16.670454','2023-01-29 15:45:16.670454',NULL,39,133),(667,0,'2023-01-29 15:45:52.509268','2023-01-29 15:45:52.509268',NULL,51,154),(668,0,'2023-01-29 16:07:24.940680','2023-01-29 16:08:10.000000','2023-01-29 16:08:10.000000',46,161),(669,0,'2023-01-29 16:07:41.911953','2023-01-29 16:09:14.000000','2023-01-29 16:09:14.000000',41,161),(670,0,'2023-01-29 16:08:55.790760','2023-01-29 16:08:55.790760',NULL,45,161),(671,0,'2023-01-29 16:09:18.617509','2023-01-29 16:09:18.617509',NULL,42,161),(672,0,'2023-01-29 16:10:08.515221','2023-01-29 16:10:08.515221',NULL,44,162),(673,0,'2023-01-29 16:10:29.511008','2023-01-29 16:10:29.511008',NULL,47,162),(674,0,'2023-01-29 16:10:43.072993','2023-01-29 16:10:43.072993',NULL,50,162),(675,0,'2023-01-29 16:18:44.091517','2023-01-31 12:40:48.000000','2023-01-31 12:40:48.000000',42,261),(676,0,'2023-01-29 16:37:31.283595','2023-01-29 16:37:31.283595',NULL,52,275),(677,0,'2023-01-29 16:44:14.683281','2023-01-29 16:44:14.683281',NULL,39,265),(678,0,'2023-01-29 16:44:34.554416','2023-02-01 10:57:30.000000','2023-02-01 10:57:30.000000',52,265),(679,0,'2023-01-29 16:46:14.160681','2023-01-29 16:46:14.160681',NULL,39,241),(680,0,'2023-01-29 16:46:27.636576','2023-01-30 00:40:20.000000','2023-01-30 00:40:20.000000',52,241),(681,0,'2023-01-29 16:47:10.871585','2023-01-29 16:47:10.871585',NULL,39,287),(682,0,'2023-01-29 16:47:51.032138','2023-01-29 16:47:51.032138',NULL,52,287),(683,0,'2023-01-29 16:47:55.444821','2023-01-29 16:47:55.444821',NULL,44,144),(684,0,'2023-01-29 16:48:15.751033','2023-01-30 12:29:50.000000','2023-01-30 12:29:50.000000',43,121),(685,0,'2023-01-29 16:48:25.170088','2023-01-29 16:48:25.170088',NULL,46,121),(686,0,'2023-01-29 16:48:29.563002','2023-02-01 14:07:56.000000','2023-02-01 14:07:56.000000',49,121),(687,0,'2023-01-29 16:49:10.488500','2023-01-29 16:49:30.000000','2023-01-29 16:49:30.000000',43,173),(688,0,'2023-01-29 16:49:39.612048','2023-01-29 16:49:39.612048',NULL,43,173),(689,0,'2023-01-29 17:18:02.219511','2023-01-30 08:06:11.000000','2023-01-30 08:06:11.000000',44,139),(690,0,'2023-01-29 17:18:23.502347','2023-01-29 17:18:23.502347',NULL,47,139),(691,0,'2023-01-29 17:18:34.989413','2023-02-03 13:32:33.000000','2023-02-03 13:32:33.000000',49,139),(692,0,'2023-01-29 17:18:56.792535','2023-01-30 08:08:12.000000','2023-01-30 08:08:12.000000',41,139),(693,0,'2023-01-29 17:19:06.137612','2023-01-31 13:31:58.000000','2023-01-31 13:31:58.000000',54,139),(694,0,'2023-01-29 18:13:24.507600','2023-01-29 18:13:24.507600',NULL,39,237),(695,0,'2023-01-29 18:14:00.555067','2023-01-31 14:34:47.000000','2023-01-31 14:34:47.000000',52,237),(696,0,'2023-01-29 19:10:39.515168','2023-01-29 19:10:39.515168',NULL,39,149),(697,0,'2023-01-29 19:11:09.555536','2023-01-29 19:11:09.555536',NULL,43,149),(698,0,'2023-01-29 19:39:38.772251','2023-01-29 19:39:38.772251',NULL,43,126),(699,0,'2023-01-29 19:39:45.201412','2023-01-29 19:39:45.201412',NULL,45,123),(700,0,'2023-01-29 19:39:49.014918','2023-01-29 19:39:49.014918',NULL,39,126),(701,0,'2023-01-29 19:40:02.395958','2023-01-29 19:40:02.395958',NULL,48,123),(702,0,'2023-01-29 19:40:09.395420','2023-01-29 19:40:09.395420',NULL,51,123),(703,0,'2023-01-29 20:01:19.530341','2023-01-29 20:01:19.530341',NULL,39,236),(704,0,'2023-01-29 20:03:09.579586','2023-01-29 20:03:09.579586',NULL,52,236),(705,0,'2023-01-29 20:21:49.420851','2023-01-29 20:21:49.420851',NULL,48,119),(706,0,'2023-01-29 23:30:41.693111','2023-01-30 10:33:17.000000','2023-01-30 10:33:17.000000',41,292),(707,0,'2023-01-30 00:20:37.717291','2023-01-30 10:10:03.000000','2023-01-30 10:10:03.000000',41,286),(708,0,'2023-01-30 00:30:41.699182','2023-01-30 00:30:41.699182',NULL,56,263),(709,0,'2023-01-30 00:31:04.896104','2023-01-30 00:31:04.896104',NULL,56,236),(710,0,'2023-01-30 00:32:53.190011','2023-01-30 11:32:49.000000','2023-01-30 11:32:49.000000',43,134),(711,0,'2023-01-30 00:33:05.670797','2023-01-30 00:33:05.670797',NULL,56,284),(712,0,'2023-01-30 00:33:22.488622','2023-01-30 00:33:22.488622',NULL,46,134),(713,0,'2023-01-30 00:33:49.889697','2023-01-30 00:33:49.889697',NULL,49,134),(714,0,'2023-01-30 00:36:29.953170','2023-01-30 00:36:29.953170',NULL,58,263),(715,0,'2023-01-30 00:37:02.595120','2023-01-30 00:37:02.595120',NULL,60,263),(716,0,'2023-01-30 00:39:16.864394','2023-01-30 00:39:16.864394',NULL,44,150),(717,0,'2023-01-30 00:39:28.812306','2023-01-30 00:39:28.812306',NULL,56,287),(718,0,'2023-01-30 00:39:35.722877','2023-01-30 00:39:35.722877',NULL,47,150),(719,0,'2023-01-30 00:39:48.559604','2023-01-30 00:39:48.559604',NULL,56,241),(720,0,'2023-01-30 00:39:50.542171','2023-01-30 00:40:04.000000','2023-01-30 00:40:04.000000',56,296),(721,0,'2023-01-30 00:39:57.130838','2023-02-03 18:45:40.000000','2023-02-03 18:45:40.000000',50,150),(722,0,'2023-01-30 00:39:57.670604','2023-01-30 00:39:57.670604',NULL,56,237),(723,0,'2023-01-30 00:40:07.306541','2023-01-30 00:40:07.306541',NULL,58,287),(724,0,'2023-01-30 00:40:10.559017','2023-01-30 00:40:10.559017',NULL,58,237),(725,0,'2023-01-30 00:40:10.630071','2023-01-30 00:40:10.630071',NULL,56,251),(726,0,'2023-01-30 00:40:19.969525','2023-01-30 00:40:19.969525',NULL,57,295),(727,0,'2023-01-30 00:40:22.875257','2023-01-30 00:40:22.875257',NULL,60,287),(728,0,'2023-01-30 00:40:24.221178','2023-01-30 00:40:24.221178',NULL,58,284),(729,0,'2023-01-30 00:40:24.336488','2023-01-30 00:40:24.336488',NULL,57,296),(730,0,'2023-01-30 00:40:27.355637','2023-01-30 00:40:27.355637',NULL,58,251),(731,0,'2023-01-30 00:40:31.222139','2023-02-02 17:09:15.000000','2023-02-02 17:09:15.000000',61,237),(732,0,'2023-01-30 00:40:34.547497','2023-01-30 00:40:34.547497',NULL,60,284),(733,0,'2023-01-30 00:40:45.415474','2023-01-30 00:40:45.415474',NULL,52,241),(734,0,'2023-01-30 00:40:51.417978','2023-01-30 00:40:51.417978',NULL,41,150),(735,0,'2023-01-30 00:40:54.358620','2023-01-30 00:40:54.358620',NULL,51,156),(736,0,'2023-01-30 00:40:59.480004','2023-01-30 00:40:59.480004',NULL,42,299),(737,0,'2023-01-30 00:41:01.790662','2023-01-30 00:41:01.790662',NULL,58,241),(738,0,'2023-01-30 00:41:03.159100','2023-01-30 00:41:03.159100',NULL,54,150),(739,0,'2023-01-30 00:41:16.331203','2023-01-30 00:41:16.331203',NULL,56,283),(740,0,'2023-01-30 00:41:37.523848','2023-01-30 00:41:37.523848',NULL,61,241),(741,0,'2023-01-30 00:41:41.265906','2023-01-30 00:41:41.265906',NULL,58,283),(742,0,'2023-01-30 00:41:49.383814','2023-01-30 00:41:49.383814',NULL,60,283),(743,0,'2023-01-30 00:43:35.789108','2023-01-30 00:43:35.789108',NULL,43,124),(744,0,'2023-01-30 00:43:52.476674','2023-01-30 00:43:52.476674',NULL,39,124),(745,0,'2023-01-30 00:44:30.462124','2023-01-30 00:44:30.462124',NULL,56,299),(746,0,'2023-01-30 00:44:54.036646','2023-01-30 00:44:54.036646',NULL,56,248),(747,0,'2023-01-30 00:45:20.178638','2023-01-30 14:20:02.000000','2023-01-30 14:20:02.000000',56,298),(748,0,'2023-01-30 00:45:33.389178','2023-01-30 00:45:33.389178',NULL,42,298),(749,0,'2023-01-30 00:55:01.624157','2023-01-30 00:55:20.000000','2023-01-30 00:55:20.000000',44,138),(750,0,'2023-01-30 01:00:48.567149','2023-01-30 03:19:11.000000','2023-01-30 03:19:11.000000',43,116),(751,0,'2023-01-30 01:04:06.713131','2023-01-30 04:55:37.000000','2023-01-30 04:55:37.000000',56,275),(752,0,'2023-01-30 01:04:14.930041','2023-02-01 13:38:40.000000','2023-02-01 13:38:40.000000',58,275),(753,0,'2023-01-30 01:04:27.318709','2023-01-30 01:04:27.318709',NULL,61,275),(754,0,'2023-01-30 01:06:12.490534','2023-01-30 01:06:12.490534',NULL,41,294),(755,0,'2023-01-30 01:06:52.848982','2023-01-30 01:06:52.848982',NULL,54,294),(756,0,'2023-01-30 01:07:18.882544','2023-01-30 01:07:18.882544',NULL,57,294),(757,0,'2023-01-30 01:07:35.188854','2023-01-30 01:07:35.188854',NULL,59,294),(758,0,'2023-01-30 01:21:36.425948','2023-01-30 01:21:36.425948',NULL,58,236),(759,0,'2023-01-30 01:28:24.461332','2023-01-30 01:28:24.461332',NULL,56,261),(760,0,'2023-01-30 01:28:36.557765','2023-01-30 01:28:36.557765',NULL,58,261),(761,0,'2023-01-30 01:28:49.759936','2023-02-03 13:41:10.000000','2023-02-03 13:41:10.000000',60,261),(762,0,'2023-01-30 01:29:05.971682','2023-02-01 22:06:01.000000','2023-02-01 22:06:01.000000',55,261),(763,0,'2023-01-30 01:30:12.306035','2023-01-30 01:30:12.306035',NULL,43,152),(764,0,'2023-01-30 01:30:31.993857','2023-01-30 01:30:31.993857',NULL,47,152),(765,0,'2023-01-30 01:30:46.174401','2023-01-30 01:30:46.174401',NULL,50,152),(766,0,'2023-01-30 01:36:03.559902','2023-01-30 01:36:03.559902',NULL,56,280),(767,0,'2023-01-30 01:36:24.090722','2023-01-30 01:36:24.090722',NULL,58,280),(768,0,'2023-01-30 01:36:36.633347','2023-01-30 01:36:36.633347',NULL,60,280),(769,0,'2023-01-30 01:47:35.488503','2023-01-30 01:47:35.488503',NULL,57,304),(770,0,'2023-01-30 01:53:23.695739','2023-01-30 01:53:23.695739',NULL,44,145),(771,0,'2023-01-30 02:35:16.560088','2023-01-30 02:35:16.560088',NULL,44,170),(772,0,'2023-01-30 02:35:35.587231','2023-01-30 02:35:35.587231',NULL,47,170),(773,0,'2023-01-30 02:35:42.637562','2023-01-30 02:35:42.637562',NULL,50,170),(774,0,'2023-01-30 03:20:40.472597','2023-01-30 15:54:01.000000','2023-01-30 15:54:01.000000',45,116),(775,0,'2023-01-30 04:45:20.614714','2023-01-30 15:52:07.000000','2023-01-30 15:52:07.000000',43,135),(776,0,'2023-01-30 04:45:37.201404','2023-02-01 15:59:05.000000','2023-02-01 15:59:05.000000',46,135),(777,0,'2023-01-30 04:45:46.617902','2023-01-30 04:45:46.617902',NULL,49,135),(778,0,'2023-01-30 04:55:23.611377','2023-01-30 04:55:23.611377',NULL,40,275),(779,0,'2023-01-30 04:55:43.265920','2023-01-30 04:55:43.265920',NULL,57,275),(780,0,'2023-01-30 08:07:58.240320','2023-01-30 09:43:50.000000','2023-01-30 09:43:50.000000',43,139),(781,0,'2023-01-30 08:08:31.857504','2023-01-31 13:31:47.000000','2023-01-31 13:31:47.000000',42,139),(782,0,'2023-01-30 08:47:57.104437','2023-01-30 08:47:57.104437',NULL,45,114),(783,0,'2023-01-30 08:59:36.188236','2023-01-30 08:59:36.188236',NULL,40,252),(784,0,'2023-01-30 09:24:34.349662','2023-01-30 09:24:34.349662',NULL,39,242),(785,0,'2023-01-30 09:24:59.804087','2023-01-30 09:24:59.804087',NULL,56,242),(786,0,'2023-01-30 09:40:39.103966','2023-01-30 09:40:39.103966',NULL,57,266),(787,0,'2023-01-30 09:41:06.483919','2023-01-30 09:41:06.483919',NULL,59,266),(788,0,'2023-01-30 09:41:26.209538','2023-01-30 09:41:26.209538',NULL,61,266),(789,0,'2023-01-30 09:43:56.239977','2023-01-30 09:43:56.239977',NULL,45,139),(790,0,'2023-01-30 10:10:11.202252','2023-01-30 10:10:11.202252',NULL,42,286),(791,0,'2023-01-30 10:13:11.644720','2023-01-30 10:13:11.644720',NULL,56,265),(792,0,'2023-01-30 10:15:53.878045','2023-01-30 10:15:53.878045',NULL,58,265),(793,0,'2023-01-30 10:19:34.508196','2023-01-30 10:19:34.508196',NULL,40,238),(794,0,'2023-01-30 10:20:05.591648','2023-01-30 10:20:05.591648',NULL,56,238),(795,0,'2023-01-30 10:20:32.106393','2023-02-01 10:23:50.000000','2023-02-01 10:23:50.000000',52,238),(796,0,'2023-01-30 10:21:04.630703','2023-01-30 10:21:04.630703',NULL,58,238),(797,0,'2023-01-30 10:33:50.348758','2023-01-30 10:33:50.348758',NULL,41,292),(798,0,'2023-01-30 10:34:18.391564','2023-01-30 10:34:18.391564',NULL,57,292),(799,0,'2023-01-30 10:48:54.093754','2023-01-30 10:48:54.093754',NULL,53,166),(800,0,'2023-01-30 11:10:13.187670','2023-01-30 11:10:13.187670',NULL,57,279),(801,0,'2023-01-30 11:10:45.574099','2023-01-30 11:10:45.574099',NULL,59,279),(802,0,'2023-01-30 11:11:07.789748','2023-01-30 11:11:07.789748',NULL,61,279),(803,0,'2023-01-30 11:33:01.198631','2023-01-30 11:33:01.198631',NULL,44,134),(804,0,'2023-01-30 11:38:17.464891','2023-01-30 11:38:17.464891',NULL,52,242),(805,0,'2023-01-30 11:38:28.242492','2023-01-30 11:38:28.242492',NULL,58,242),(806,0,'2023-01-30 11:38:51.098469','2023-01-30 11:38:51.098469',NULL,60,242),(807,0,'2023-01-30 11:59:07.448222','2023-01-30 11:59:07.448222',NULL,44,120),(808,0,'2023-01-30 12:03:51.375402','2023-01-30 13:43:41.000000','2023-01-30 13:43:41.000000',44,128),(809,0,'2023-01-30 12:04:01.061651','2023-01-30 12:04:09.000000','2023-01-30 12:04:09.000000',43,153),(810,0,'2023-01-30 12:04:31.416898','2023-01-30 12:04:31.416898',NULL,44,153),(811,0,'2023-01-30 12:34:49.354959','2023-01-30 12:34:49.354959',NULL,43,155),(812,0,'2023-01-30 12:38:37.572266','2023-01-30 12:38:37.572266',NULL,43,111),(813,0,'2023-01-30 12:44:28.756092','2023-01-30 12:44:28.756092',NULL,56,300),(814,0,'2023-01-30 12:49:45.002450','2023-01-30 12:49:45.002450',NULL,60,265),(815,0,'2023-01-30 12:53:44.663333','2023-01-30 12:53:44.663333',NULL,56,259),(816,0,'2023-01-30 13:06:06.336108','2023-01-31 10:00:22.000000','2023-01-31 10:00:22.000000',42,276),(817,0,'2023-01-30 13:06:27.127136','2023-01-30 13:06:27.127136',NULL,55,276),(818,0,'2023-01-30 13:06:42.563200','2023-01-30 13:06:42.563200',NULL,56,276),(819,0,'2023-01-30 13:08:14.432466','2023-01-30 13:08:14.432466',NULL,43,129),(820,0,'2023-01-30 13:08:46.793593','2023-01-30 13:08:46.793593',NULL,46,129),(821,0,'2023-01-30 13:08:58.254492','2023-01-30 13:08:58.254492',NULL,49,129),(822,0,'2023-01-30 13:09:13.618813','2023-01-30 13:09:13.618813',NULL,40,129),(823,0,'2023-01-30 13:09:31.783921','2023-01-30 13:09:31.783921',NULL,52,129),(824,0,'2023-01-30 13:14:37.333536','2023-01-30 13:14:37.333536',NULL,45,164),(825,0,'2023-01-30 13:43:47.306711','2023-01-31 17:53:54.000000','2023-01-31 17:53:54.000000',45,128),(826,0,'2023-01-30 13:59:00.737151','2023-01-30 13:59:06.000000','2023-01-30 13:59:06.000000',56,239),(827,0,'2023-01-30 13:59:12.994828','2023-01-30 13:59:12.994828',NULL,57,239),(828,0,'2023-01-30 13:59:56.673882','2023-01-30 13:59:56.673882',NULL,59,239),(829,0,'2023-01-30 14:00:39.721495','2023-02-03 18:42:40.000000','2023-02-03 18:42:40.000000',61,239),(830,0,'2023-01-30 14:03:03.216228','2023-01-30 14:03:03.216228',NULL,57,285),(831,0,'2023-01-30 14:04:36.151074','2023-01-30 14:04:36.151074',NULL,59,285),(832,0,'2023-01-30 14:05:01.932221','2023-01-30 14:05:01.932221',NULL,61,285),(833,0,'2023-01-30 14:30:17.364788','2023-01-30 14:30:17.364788',NULL,44,113),(834,0,'2023-01-30 14:36:55.284672','2023-01-30 14:36:55.284672',NULL,43,127),(835,0,'2023-01-30 14:45:42.382390','2023-01-30 23:21:52.000000','2023-01-30 23:21:52.000000',54,143),(836,0,'2023-01-30 15:49:04.151742','2023-01-30 15:49:04.151742',NULL,45,146),(837,0,'2023-01-30 15:49:30.364752','2023-01-30 15:49:30.364752',NULL,48,146),(838,0,'2023-01-30 15:49:44.329499','2023-01-30 15:49:44.329499',NULL,51,146),(839,0,'2023-01-30 15:52:12.419888','2023-01-30 15:52:12.419888',NULL,42,143),(840,0,'2023-01-30 15:53:14.616252','2023-02-01 20:20:47.000000','2023-02-01 20:20:47.000000',55,163),(841,0,'2023-01-30 15:54:14.199221','2023-01-30 15:54:14.199221',NULL,40,116),(842,0,'2023-01-30 15:57:26.604708','2023-01-30 15:57:26.604708',NULL,57,303),(843,0,'2023-01-30 16:02:24.292057','2023-01-30 16:02:24.292057',NULL,44,131),(844,0,'2023-01-30 16:03:21.349361','2023-01-30 16:03:21.349361',NULL,47,131),(845,0,'2023-01-30 16:03:41.335974','2023-01-30 16:03:41.335974',NULL,50,131),(846,0,'2023-01-30 16:04:13.460303','2023-01-30 16:04:13.460303',NULL,44,136),(847,0,'2023-01-30 16:04:13.464671','2023-01-30 16:04:13.464671',NULL,40,131),(848,0,'2023-01-30 16:04:25.962630','2023-01-30 16:04:25.962630',NULL,53,131),(849,0,'2023-01-30 16:04:40.357293','2023-01-30 16:04:40.357293',NULL,46,136),(850,0,'2023-01-30 16:04:53.951832','2023-01-30 16:04:53.951832',NULL,49,136),(851,0,'2023-01-30 16:09:14.307557','2023-01-30 16:09:14.307557',NULL,44,140),(852,0,'2023-01-30 16:09:36.554877','2023-01-30 16:09:36.554877',NULL,45,148),(853,0,'2023-01-30 16:09:50.535732','2023-01-30 16:09:50.535732',NULL,47,148),(854,0,'2023-01-30 16:10:11.689580','2023-01-30 16:10:11.689580',NULL,50,148),(855,0,'2023-01-30 18:08:27.856969','2023-01-30 18:08:27.856969',NULL,44,108),(856,0,'2023-01-30 18:08:45.026528','2023-01-30 18:08:45.026528',NULL,47,108),(857,0,'2023-01-30 18:09:15.562442','2023-01-30 18:09:15.562442',NULL,50,108),(858,0,'2023-01-30 18:24:46.497565','2023-01-30 18:24:46.497565',NULL,47,143),(859,0,'2023-01-30 18:39:21.380344','2023-01-30 18:39:21.380344',NULL,42,248),(860,0,'2023-01-30 18:45:41.911077','2023-01-30 18:46:12.000000','2023-01-30 18:46:12.000000',59,288),(861,0,'2023-01-30 18:46:25.600363','2023-01-30 19:23:38.000000','2023-01-30 19:23:38.000000',58,288),(862,0,'2023-01-30 19:10:13.960973','2023-01-30 19:10:13.960973',NULL,59,248),(863,0,'2023-01-30 19:22:39.899437','2023-01-30 19:23:49.000000','2023-01-30 19:23:49.000000',60,288),(864,0,'2023-01-30 21:31:16.314590','2023-01-30 21:31:16.314590',NULL,45,112),(865,0,'2023-01-30 21:54:41.474006','2023-01-30 21:54:41.474006',NULL,40,170),(866,0,'2023-01-30 21:55:10.349194','2023-01-30 21:55:10.349194',NULL,52,170),(867,0,'2023-01-30 22:24:06.379331','2023-01-30 22:24:06.379331',NULL,47,145),(868,0,'2023-01-30 22:24:22.280673','2023-01-30 22:24:22.280673',NULL,50,145),(869,0,'2023-01-30 23:21:56.740347','2023-01-30 23:21:56.740347',NULL,55,143),(870,0,'2023-01-31 10:02:31.172523','2023-01-31 10:02:31.172523',NULL,59,276),(871,0,'2023-01-31 11:20:44.980607','2023-01-31 11:20:44.980607',NULL,47,141),(872,0,'2023-01-31 11:21:46.110286','2023-01-31 11:21:46.110286',NULL,49,307),(873,0,'2023-01-31 14:22:08.452806','2023-01-31 14:22:08.452806',NULL,45,122),(874,0,'2023-01-31 14:23:14.626523','2023-01-31 14:23:14.626523',NULL,52,133),(875,0,'2023-01-31 14:34:53.357242','2023-01-31 14:34:53.357242',NULL,53,237),(876,0,'2023-01-31 14:45:14.776294','2023-01-31 14:45:14.776294',NULL,42,284),(877,0,'2023-01-31 15:49:07.948247','2023-01-31 15:49:07.948247',NULL,45,115),(878,0,'2023-01-31 17:54:30.703653','2023-01-31 17:54:33.000000','2023-01-31 17:54:33.000000',45,128),(879,0,'2023-01-31 17:57:23.643760','2023-01-31 17:57:23.643760',NULL,54,268),(880,0,'2023-01-31 18:39:06.539443','2023-02-02 11:49:15.000000','2023-02-02 11:49:15.000000',53,258),(881,0,'2023-01-31 20:06:02.971585','2023-01-31 20:06:02.971585',NULL,46,308),(882,0,'2023-01-31 20:29:00.241998','2023-01-31 20:29:00.241998',NULL,46,111),(883,0,'2023-01-31 21:55:28.938863','2023-01-31 21:55:28.938863',NULL,46,112),(884,0,'2023-01-31 22:24:10.719887','2023-01-31 22:24:10.719887',NULL,46,126),(885,0,'2023-01-31 22:24:29.314773','2023-01-31 22:24:29.314773',NULL,52,126),(886,0,'2023-01-31 22:37:55.389626','2023-01-31 22:37:55.389626',NULL,47,173),(887,0,'2023-01-31 23:28:52.346575','2023-02-01 18:47:42.000000','2023-02-01 18:47:42.000000',59,296),(888,0,'2023-01-31 23:38:15.083387','2023-01-31 23:38:15.083387',NULL,55,299),(889,0,'2023-01-31 23:39:02.255948','2023-01-31 23:39:02.255948',NULL,58,299),(890,0,'2023-02-01 02:27:35.561505','2023-02-01 02:27:35.561505',NULL,58,300),(891,0,'2023-02-01 02:37:01.606506','2023-02-01 02:37:01.606506',NULL,47,144),(892,0,'2023-02-01 03:05:56.651237','2023-02-01 03:05:56.651237',NULL,58,259),(893,0,'2023-02-01 09:37:40.896761','2023-02-02 13:53:13.000000','2023-02-02 13:53:13.000000',48,310),(894,0,'2023-02-01 09:38:26.276409','2023-02-01 09:38:26.276409',NULL,49,310),(895,0,'2023-02-01 10:24:06.869770','2023-02-02 10:38:35.000000','2023-02-02 10:38:35.000000',53,238),(896,0,'2023-02-01 10:31:49.843208','2023-02-03 14:52:42.000000','2023-02-03 14:52:42.000000',60,238),(897,0,'2023-02-01 10:39:30.299175','2023-02-01 10:39:30.299175',NULL,46,255),(898,0,'2023-02-01 11:43:34.859560','2023-02-01 12:44:26.000000','2023-02-01 12:44:26.000000',58,301),(899,0,'2023-02-01 11:46:22.393514','2023-02-01 11:46:22.393514',NULL,58,298),(900,0,'2023-02-01 11:46:43.634968','2023-02-01 11:46:43.634968',NULL,55,298),(901,0,'2023-02-01 11:46:59.409893','2023-02-01 11:46:59.409893',NULL,60,298),(902,0,'2023-02-01 12:19:15.385537','2023-02-01 12:19:15.385537',NULL,54,292),(903,0,'2023-02-01 12:19:41.427008','2023-02-01 12:19:41.427008',NULL,59,292),(904,0,'2023-02-01 12:44:18.213276','2023-02-01 12:44:18.213276',NULL,60,301),(905,0,'2023-02-01 13:33:17.666443','2023-02-01 13:33:17.666443',NULL,46,118),(906,0,'2023-02-01 13:34:19.328039','2023-02-01 13:34:19.328039',NULL,46,124),(907,0,'2023-02-01 13:38:51.711195','2023-02-01 13:38:51.711195',NULL,59,275),(908,0,'2023-02-01 13:43:19.007678','2023-02-01 13:43:19.007678',NULL,46,149),(909,0,'2023-02-01 13:45:48.531814','2023-02-01 19:01:02.000000','2023-02-01 19:01:02.000000',47,120),(910,0,'2023-02-01 13:58:16.906659','2023-02-01 13:58:16.906659',NULL,46,128),(911,0,'2023-02-01 14:39:13.487403','2023-02-02 15:39:06.000000','2023-02-02 15:39:06.000000',48,164),(912,0,'2023-02-01 15:05:46.890862','2023-02-01 18:59:10.000000','2023-02-01 18:59:10.000000',47,113),(913,0,'2023-02-01 15:21:48.709864','2023-02-01 15:21:48.709864',NULL,49,121),(914,0,'2023-02-01 15:40:15.603522','2023-02-01 15:40:15.603522',NULL,47,140),(915,0,'2023-02-01 15:42:30.279435','2023-02-01 15:42:30.279435',NULL,46,155),(916,0,'2023-02-01 16:00:30.182706','2023-02-01 16:00:30.182706',NULL,46,137),(917,0,'2023-02-01 17:09:32.139810','2023-02-01 17:09:32.139810',NULL,48,127),(918,0,'2023-02-01 18:59:23.338349','2023-02-01 18:59:27.000000','2023-02-01 18:59:27.000000',47,113),(919,0,'2023-02-01 18:59:42.905676','2023-02-01 18:59:42.905676',NULL,47,113),(920,0,'2023-02-02 00:20:04.422444','2023-02-02 00:20:04.422444',NULL,48,153),(921,0,'2023-02-02 00:41:12.457289','2023-02-02 00:41:12.457289',NULL,53,252),(922,0,'2023-02-02 00:53:05.224333','2023-02-02 00:53:05.224333',NULL,55,248),(923,0,'2023-02-02 17:09:28.953036','2023-02-02 17:09:28.953036',NULL,60,237),(924,0,'2023-02-02 17:23:00.889277','2023-02-02 17:23:00.889277',NULL,49,164),(925,0,'2023-02-02 18:29:18.705577','2023-02-02 18:29:18.705577',NULL,48,115),(926,0,'2023-02-02 20:23:37.269094','2023-02-02 20:23:37.269094',NULL,49,173),(927,0,'2023-02-02 21:27:35.672542','2023-02-02 21:27:35.672542',NULL,50,126),(928,0,'2023-02-02 22:02:17.587512','2023-02-03 15:34:23.000000','2023-02-03 15:34:23.000000',60,299),(929,0,'2023-02-03 00:18:17.438723','2023-02-03 00:18:17.438723',NULL,61,248),(930,0,'2023-02-03 01:23:05.446512','2023-02-03 01:23:05.446512',NULL,61,295),(931,0,'2023-02-03 10:55:09.666666','2023-02-03 10:55:09.666666',NULL,50,128),(932,0,'2023-02-03 11:43:51.670986','2023-02-03 11:44:02.000000','2023-02-03 11:44:02.000000',50,169),(933,0,'2023-02-03 11:44:18.843195','2023-02-03 11:44:18.843195',NULL,50,169),(934,0,'2023-02-03 11:45:26.798163','2023-02-03 11:45:26.798163',NULL,49,308),(935,0,'2023-02-03 11:48:38.954251','2023-02-03 11:48:38.954251',NULL,49,137),(936,0,'2023-02-03 12:55:08.331965','2023-02-03 12:55:08.331965',NULL,60,300),(937,0,'2023-02-03 13:00:14.511748','2023-02-03 13:00:14.511748',NULL,60,292),(938,0,'2023-02-03 13:00:26.398932','2023-02-03 13:00:26.398932',NULL,49,155),(939,0,'2023-02-03 13:20:33.595638','2023-02-03 13:20:33.595638',NULL,50,118),(940,0,'2023-02-03 14:53:08.934463','2023-02-03 14:53:08.934463',NULL,60,238),(941,0,'2023-02-03 14:55:40.100440','2023-02-03 14:55:40.100440',NULL,60,259),(942,0,'2023-02-03 15:32:44.697425','2023-02-03 15:32:44.697425',NULL,49,111),(943,0,'2023-02-03 15:34:55.717411','2023-02-03 15:34:55.717411',NULL,61,299),(944,0,'2023-02-03 16:28:08.196480','2023-02-03 16:28:08.196480',NULL,50,113),(945,0,'2023-02-03 17:34:11.626715','2023-02-03 17:34:11.626715',NULL,51,141),(946,0,'2023-02-03 18:01:31.756667','2023-02-03 18:01:31.756667',NULL,50,144),(947,0,'2023-02-03 18:03:16.401465','2023-02-03 18:03:16.401465',NULL,61,304);
/*!40000 ALTER TABLE `reservations` ENABLE KEYS */;
UNLOCK TABLES;

--
-- Table structure for table `room`
--

DROP TABLE IF EXISTS `room`;
/*!40101 SET @saved_cs_client     = @@character_set_client */;
/*!40101 SET character_set_client = utf8 */;
CREATE TABLE `room` (
  `id` int(11) NOT NULL AUTO_INCREMENT,
  `name` varchar(255) NOT NULL,
  `capacity` int(11) NOT NULL,
  PRIMARY KEY (`id`)
) ENGINE=InnoDB AUTO_INCREMENT=4 DEFAULT CHARSET=utf8mb4 COLLATE=utf8mb4_general_ci;
/*!40101 SET character_set_client = @saved_cs_client */;

--
-- Dumping data for table `room`
--

LOCK TABLES `room` WRITE;
/*!40000 ALTER TABLE `room` DISABLE KEYS */;
INSERT INTO `room` VALUES (1,'рЃЊрЃўрЃЊрЃў рЃАрЃљрЃЎрЃџрЃљрЃАрЃЮ',20),(2,'рЃърЃљрЃбрЃљрЃарЃљ рЃАрЃљрЃЎрЃџрЃљрЃАрЃЮ',20),(3,'рЃЏрЃўрЃАрЃљрЃдрЃћрЃЉрЃў рЃЮрЃЌрЃљрЃ«рЃў',15);
/*!40000 ALTER TABLE `room` ENABLE KEYS */;
UNLOCK TABLES;

--
-- Table structure for table `topic`
--

DROP TABLE IF EXISTS `topic`;
/*!40101 SET @saved_cs_client     = @@character_set_client */;
/*!40101 SET character_set_client = utf8 */;
CREATE TABLE `topic` (
  `id` int(11) NOT NULL AUTO_INCREMENT,
  `name` varchar(255) NOT NULL,
  `duration` int(11) NOT NULL,
  `theoryVideo` varchar(255) DEFAULT NULL,
  `createdAt` datetime(6) NOT NULL DEFAULT current_timestamp(6),
  `updatedAt` datetime(6) NOT NULL DEFAULT current_timestamp(6) ON UPDATE current_timestamp(6),
  `deletedAt` datetime(6) DEFAULT NULL,
  `courseId` int(11) DEFAULT NULL,
  `roomId` int(11) DEFAULT NULL,
  `miroLink` text DEFAULT NULL,
  PRIMARY KEY (`id`),
  KEY `FK_cc209f6f951f94af47acf75485b` (`courseId`),
  KEY `FK_3e40c7eb24da0c2814f7fc15c76` (`roomId`),
  CONSTRAINT `FK_3e40c7eb24da0c2814f7fc15c76` FOREIGN KEY (`roomId`) REFERENCES `room` (`id`) ON DELETE NO ACTION ON UPDATE NO ACTION,
  CONSTRAINT `FK_cc209f6f951f94af47acf75485b` FOREIGN KEY (`courseId`) REFERENCES `course` (`id`) ON DELETE NO ACTION ON UPDATE NO ACTION
) ENGINE=InnoDB AUTO_INCREMENT=27 DEFAULT CHARSET=utf8mb4 COLLATE=utf8mb4_general_ci;
/*!40101 SET character_set_client = @saved_cs_client */;

--
-- Dumping data for table `topic`
--

LOCK TABLES `topic` WRITE;
/*!40000 ALTER TABLE `topic` DISABLE KEYS */;
INSERT INTO `topic` VALUES (1,'R1: рЃарЃЮрЃњрЃЮрЃа рЃгрЃљрЃЋрЃўрЃЎрЃўрЃЌрЃ«рЃЮрЃЌ рЃЊрЃљ рЃЋрЃгрЃћрЃарЃЮрЃЌ HTML',45,'https://www.youtube.com/embed/yLt8XkY8Ar8','2023-01-14 16:27:53.440291','2023-01-14 16:31:00.848087',NULL,2,1,NULL),(2,'R2: HTML рЃЊрЃЮрЃЎрЃБрЃЏрЃћрЃюрЃбрЃўрЃА рЃљрЃюрЃљрЃбрЃЮрЃЏрЃўрЃљ',18,'https://www.youtube.com/embed/Cyu5EoMjBYg','2023-01-15 18:23:06.750897','2023-01-15 18:23:26.619185',NULL,2,1,NULL),(3,'R3: рЃбрЃћрЃЦрЃАрЃбрЃБрЃарЃў рЃўрЃюрЃцрЃЮрЃарЃЏрЃљрЃфрЃўрЃљ HTML-рЃерЃў',16,'https://www.youtube.com/embed/5xTHTsdr9Dg','2023-01-19 14:41:13.348018','2023-01-19 14:41:13.348018',NULL,2,1,NULL),(5,'Introduction',90,NULL,'2023-01-20 14:08:37.680449','2023-01-20 14:08:37.680449',NULL,3,2,NULL),(6,'Introduction',90,NULL,'2023-01-20 14:09:46.158566','2023-01-20 14:09:46.158566',NULL,4,2,NULL),(7,'D1: рЃерЃћрЃАрЃљрЃЋрЃљрЃџрЃў UI/UX рЃЊрЃўрЃќрЃљрЃўрЃюрЃерЃў',15,NULL,'2023-01-22 19:26:05.098266','2023-01-22 22:41:12.000000',NULL,5,1,NULL),(8,'R4: рЃџрЃўрЃюрЃЎрЃћрЃЉрЃў, URL-рЃћрЃЉрЃў рЃЊрЃљ Path-рЃћрЃЉрЃў',20,'https://www.youtube.com/embed/4MCh0zc85Tk','2023-01-22 22:36:42.817649','2023-01-24 15:57:01.000000',NULL,2,2,NULL),(9,'R5: Embed: рЃцрЃЮрЃбрЃЮрЃћрЃЉрЃў, рЃљрЃБрЃЊрЃўрЃЮ-рЃЋрЃўрЃЊрЃћрЃЮ, Iframe',15,'https://www.youtube.com/embed/RigS9fOCxWo','2023-01-22 22:43:18.547888','2023-01-26 13:59:27.000000',NULL,2,2,'https://miro.com/app/board/uXjVPx_saHM=/'),(10,'R6: р▓фрЃ«рЃарЃўрЃџрЃћрЃЉрЃў (Table)',18,'https://youtube.com/embed/VHdlP1_wKIA','2023-01-22 22:44:36.355106','2023-01-27 02:51:12.000000',NULL,2,1,'https://miro.com/app/board/uXjVPuD4TOM=/?share_link_id=317035359685'),(11,'Food',90,NULL,'2023-01-23 14:17:32.225247','2023-01-23 14:17:32.225247',NULL,3,2,NULL),(13,'Food',90,NULL,'2023-01-23 14:22:07.735449','2023-01-23 14:22:07.735449',NULL,4,2,NULL),(15,'D2: рЃарЃЮрЃњрЃЮрЃа рЃњрЃљрЃЏрЃЮрЃЋрЃўрЃДрЃћрЃюрЃЮрЃЌ Figma',15,'https://www.youtube.com/watch?v=Y7cBS4EbB2U&ab_channel=GeorgeMatiashvili','2023-01-24 20:32:20.681267','2023-01-27 15:18:23.000000',NULL,5,1,'https://www.figma.com/file/txkoQAp4Y5zquZeXPM3rbM/02.-Figma-%E1%83%A1-%E1%83%98%E1%83%9C%E1%83%A2%E1%83%94%E1%83%A0%E1%83%A4%E1%83%94%E1%83%98%E1%83%A1%E1%83%98-%E1%83%93%E1%83%90-%E1%83%92%E1%83%9A%E1%83%9D%E1%83%91%E1%83%90%E1%83%9A%E1%83%A3%E1%83%A0%E1%83%98-%E1%83%A1%E1%83%A2%E1%83%98%E1%83%9A%E1%83%94%E1%83%91%E1%83%98?node-id=0%3A1&t=QKg59LMuwijD2FwH-1'),(16,'D3: рЃарЃЮрЃњрЃЮрЃа рЃњрЃљрЃЏрЃЮрЃЋрЃўрЃДрЃћрЃюрЃЮрЃЌ Figma',15,'https://youtu.be/Y7cBS4EbB2U','2023-01-24 20:47:18.414772','2023-01-27 15:19:05.000000',NULL,5,1,'https://www.figma.com/file/txkoQAp4Y5zquZeXPM3rbM/02.-Figma-%E1%83%A1-%E1%83%98%E1%83%9C%E1%83%A2%E1%83%94%E1%83%A0%E1%83%A4%E1%83%94%E1%83%98%E1%83%A1%E1%83%98-%E1%83%93%E1%83%90-%E1%83%92%E1%83%9A%E1%83%9D%E1%83%91%E1%83%90%E1%83%9A%E1%83%A3%E1%83%A0%E1%83%98-%E1%83%A1%E1%83%A2%E1%83%98%E1%83%9A%E1%83%94%E1%83%91%E1%83%98?node-id=0%3A1&t=Hg32wGT1CPHLsUMU-1'),(17,'Travel',90,NULL,'2023-01-29 14:19:18.787252','2023-01-29 14:19:18.787252',NULL,3,2,NULL),(18,'Travel',90,NULL,'2023-01-29 14:20:46.692010','2023-01-29 14:20:46.692010',NULL,4,2,NULL),(19,'R7: рЃцрЃЮрЃарЃЏрЃћрЃЉрЃў',24,'https://youtube.com/embed/qMWuLAkjkMA','2023-01-29 14:53:08.124340','2023-01-29 14:53:08.124340',NULL,2,2,'https://miro.com/app/board/uXjVPtgVav8=/?share_link_id=990423614173'),(20,'R8: р▓АрЃћрЃЏрЃљрЃюрЃбрЃўрЃЎрЃБрЃарЃў рЃбрЃћрЃњрЃћрЃЉрЃў рЃЊрЃљ HTML-рЃўрЃА рЃЋрЃљрЃџрЃўрЃЊрЃљрЃфрЃўрЃљ',18,'https://youtube.com/embed/_Jw0aqwwuTw','2023-01-29 14:55:26.026342','2023-01-31 18:10:51.000000',NULL,2,2,'https://miro.com/app/board/uXjVPt2v948=/?share_link_id=577837160432'),(21,'R9: р▓арЃЮрЃњрЃЮрЃа рЃгрЃљрЃЋрЃўрЃЎрЃўрЃЌрЃ«рЃЮрЃЌ рЃЊрЃљ рЃЋрЃгрЃћрЃарЃЮрЃЌ CSS',20,'https://youtube.com/embed/3R6nmExbDUE','2023-01-29 14:57:00.456088','2023-02-02 17:21:07.000000',NULL,2,2,'https://miro.com/app/board/uXjVPtLXetE=/?share_link_id=961201334604'),(22,'Student Presentations',120,NULL,'2023-01-29 16:20:58.943870','2023-01-29 16:20:58.943870',NULL,3,2,NULL),(23,'Student Presentations',120,NULL,'2023-01-29 16:22:14.013649','2023-01-29 16:22:14.013649',NULL,4,2,NULL),(24,'D4: рЃљрЃЋрЃбрЃЮрЃЏрЃљрЃбрЃБрЃарЃў рЃњрЃљрЃюрЃџрЃљрЃњрЃћрЃЉрЃћрЃЉрЃў Figma-рЃерЃў',19,NULL,'2023-01-30 00:28:56.177179','2023-01-30 00:28:56.177179',NULL,5,1,'https://www.figma.com/file/rHGS8arO6daIzTlouUcl45/D2%3A-%E1%83%90%E1%83%95%E1%83%A2%E1%83%9D%E1%83%9B%E1%83%90%E1%83%A2%E1%83%A3%E1%83%A0%E1%83%98-%E1%83%92%E1%83%90%E1%83%9C%E1%83%9A%E1%83%90%E1%83%92%E1%83%94%E1%83%91%E1%83%90-(Auto-Layout)?node-id=0%3A1&t=MbsKOiunpwfGj5iP-1'),(25,'D5: рЃЎрЃЮрЃЏрЃърЃЮрЃюрЃћрЃюрЃбрЃћрЃЉрЃў Figma-рЃерЃў',19,'https://www.youtube.com/embed/KuHceB318YU','2023-01-30 00:35:26.084236','2023-01-31 22:07:59.000000',NULL,5,1,'https://www.figma.com/file/vGZAUg9ySxQYfVKF5N5Vym/D5%3A-%E1%83%99%E1%83%9D%E1%83%9B%E1%83%9E%E1%83%9D%E1%83%9C%E1%83%94%E1%83%9C%E1%83%A2%E1%83%94%E1%83%91%E1%83%98-Figma-%E1%83%A8%E1%83%98?node-id=0%3A1&t=wMkIn0aFJtwkqxfc-1'),(26,'D6: рЃърЃарЃЮрЃбрЃЮрЃбрЃўрЃърЃћрЃЉрЃў рЃЊрЃљ рЃўрЃюрЃбрЃћрЃарЃљрЃЦрЃфрЃўрЃћрЃЉрЃў',20,NULL,'2023-01-30 00:36:41.376778','2023-01-30 00:36:41.376778',NULL,5,1,NULL);
/*!40000 ALTER TABLE `topic` ENABLE KEYS */;
UNLOCK TABLES;

--
-- Table structure for table `users`
--

DROP TABLE IF EXISTS `users`;
/*!40101 SET @saved_cs_client     = @@character_set_client */;
/*!40101 SET character_set_client = utf8 */;
CREATE TABLE `users` (
  `id` int(11) NOT NULL AUTO_INCREMENT,
  `firstName` varchar(255) NOT NULL,
  `lastName` varchar(255) NOT NULL,
  `phone` varchar(255) NOT NULL,
  `otp` varchar(255) DEFAULT NULL,
  `email` varchar(100) DEFAULT NULL,
  `isAdmin` tinyint(4) DEFAULT NULL,
  `parentPhone` varchar(255) DEFAULT NULL,
  `lastPhoneReport` datetime DEFAULT NULL,
  `age` int(11) DEFAULT NULL,
  PRIMARY KEY (`id`)
) ENGINE=InnoDB AUTO_INCREMENT=314 DEFAULT CHARSET=utf8mb4 COLLATE=utf8mb4_general_ci;
/*!40101 SET character_set_client = @saved_cs_client */;

--
-- Dumping data for table `users`
--

LOCK TABLES `users` WRITE;
/*!40000 ALTER TABLE `users` DISABLE KEYS */;
INSERT INTO `users` VALUES (2,'рЃЏрЃўрЃерЃљ','рЃцрЃљрЃўрЃџрЃЮрЃФрЃћ','593000323',NULL,'misha@novatori.ge',1,'',NULL,NULL),(108,'рЃюрЃўрЃЎрЃљ','рЃЉрЃЮрЃњрЃЋрЃћрЃарЃљрЃФрЃћ','591299154',NULL,'n_bogveradze@cu.edu.ge',NULL,'',NULL,NULL),(109,'рЃюрЃўрЃЎрЃљ','рЃЉрЃљрЃЕрЃўрЃљрЃерЃЋрЃўрЃџрЃў','593350003',NULL,NULL,NULL,'',NULL,NULL),(110,'рЃюрЃўрЃЎрЃБрЃерЃљ','рЃАрЃ«рЃўрЃарЃбрЃџрЃљрЃФрЃћ','599346033',NULL,NULL,NULL,'',NULL,NULL),(111,'рЃюрЃўрЃЎрЃљ','рЃ«рЃљрЃЉрЃБрЃарЃќрЃљрЃюрЃўрЃљ','579269390',NULL,NULL,NULL,'',NULL,NULL),(112,'рЃџрЃБрЃЎрЃљ','рЃњрЃћрЃЌрЃўрЃљрЃерЃЋрЃўрЃџрЃў','599334371',NULL,'lukagetiashvili@yahoo.com',NULL,'',NULL,NULL),(113,'рЃЮрЃЌрЃљрЃа','рЃљрЃЉрЃарЃљрЃЏрЃўрЃерЃЋрЃўрЃџрЃў','599881116',NULL,NULL,NULL,'',NULL,NULL),(114,'рЃЊрЃљрЃЋрЃўрЃЌ','рЃГрЃћрЃЪрЃўрЃљ','579515299',NULL,'Davit.tchezhia.1@gmail.com',NULL,'',NULL,NULL),(115,'рЃњрЃўрЃЮрЃарЃњрЃў','рЃњрЃЮрЃЊрЃЮрЃџрЃљрЃФрЃћ','593199449',NULL,'giogodoladze9@gmail.com',NULL,'',NULL,NULL),(116,'рЃЉрЃћрЃЦрЃљ','рЃДрЃўрЃцрЃўрЃљрЃюрЃў','591138213',NULL,'beqa.yifiani3@gmail.com',NULL,'',NULL,NULL),(117,'рЃќрЃБрЃарЃљрЃЉ','рЃ«рЃЮрЃЏрЃћрЃарЃўрЃЎрЃў','598425356',NULL,'zkhom2017@agruni.edu.ge',NULL,'',NULL,NULL),(118,'рЃџрЃБрЃЎрЃљ','рЃЏрЃћрЃарЃљрЃЉрЃўрЃерЃЋрЃўрЃџрЃў','568785378',NULL,NULL,NULL,'',NULL,NULL),(119,'рЃћрЃџрЃћрЃюрЃћ','рЃБрЃарЃБрЃерЃљрЃФрЃћ','598589598',NULL,'urushadze.ellen@gmail.com',NULL,'',NULL,NULL),(120,'рЃарЃљрЃбрЃў','рЃДрЃўрЃцрЃўрЃљрЃюрЃў','579010335',NULL,'kipianirati2@gmail.con',NULL,'',NULL,NULL),(121,'рЃЋрЃљрЃ«рЃбрЃљрЃюрЃњ','рЃ»рЃЮрЃ»рЃўрЃерЃЋрЃўрЃџрЃў','579226788',NULL,NULL,NULL,'',NULL,NULL),(122,'рЃЋрЃљрЃЕрЃћ','рЃБрЃЕрЃљрЃЋрЃљ','574452200',NULL,'vacheuchava@gmail.com',NULL,'',NULL,NULL),(123,'рЃњрЃўрЃЮрЃарЃњрЃў','рЃЉрЃљрЃ«рЃбрЃљрЃФрЃћ','599923267',NULL,'bakhtadzegio11@gmail.com',NULL,'',NULL,NULL),(124,'рЃџрЃБрЃЎрЃљ','рЃџрЃБрЃарЃАрЃЏрЃљрЃюрЃљрЃерЃЋрЃўрЃџрЃў','595503885',NULL,'lursmana921@gmail.com',NULL,'',NULL,NULL),(125,'рЃЊрЃљрЃЕрЃў','рЃерЃћрЃюрЃњрЃћрЃџрЃўрЃљ','551506863',NULL,'shengeliadachi209@gmail.com',NULL,'',NULL,NULL),(126,'рЃџрЃљрЃќрЃљрЃарЃћ','рЃЎрЃўрЃарЃЌрЃљрЃФрЃћ','592903355',NULL,'lazare.kirtadze66@gmail.com',NULL,'',NULL,NULL),(127,'рЃџрЃћрЃЋрЃљрЃюрЃў','рЃЏрЃАрЃ«рЃўрЃџрЃљрЃФрЃћ','557571510',NULL,'leo.msxiladze@gmail.com',NULL,'',NULL,NULL),(128,'рЃюрЃўрЃЎрЃљ','рЃЕрЃћрЃарЃЦрЃћрЃќрЃўрЃерЃЋрЃўрЃџрЃў','598423777',NULL,NULL,NULL,'',NULL,NULL),(129,'рЃЮрЃЏрЃЮ','рЃЏрЃћрЃДрЃљрЃюрЃгрЃўрЃерЃЋрЃўрЃџрЃў','579175000',NULL,'tengotayashvili@gmail.com',NULL,'',NULL,NULL),(130,'рЃџрЃБрЃЎрЃљ','рЃЋрЃљрЃарЃерЃљрЃюрЃўрЃФрЃћ','555392221',NULL,'varshanidze.luka@gmail.com',NULL,'',NULL,NULL),(131,'рЃњрЃўрЃЮрЃарЃњрЃў','рЃАрЃљрЃарЃЌрЃљрЃюрЃўрЃљ','597061962',NULL,'giorgisartania20022018@gmail.com',NULL,'',NULL,NULL),(132,'рЃърЃљрЃърЃБрЃюрЃљ','рЃфрЃўрЃАрЃЎрЃљрЃФрЃћ','555147171',NULL,'papunaciskadze@gmail.com',NULL,'',NULL,NULL),(133,'рЃЮрЃЏрЃљрЃа','рЃ»рЃљрЃюрЃљрЃерЃЋрЃўрЃџрЃў','599909040',NULL,'omikojanikeda@gmail.com',NULL,'',NULL,NULL),(134,'рЃЌрЃћрЃюрЃњрЃўрЃќ','рЃцрЃ«рЃўрЃЎрЃўрЃФрЃћ','599200045',NULL,'pkhikidzetengo@gmail.com',NULL,'',NULL,NULL),(135,'рЃЏрЃљрЃЌрЃћ','рЃЦрЃљрЃЌрЃљрЃЏрЃљрЃФрЃћ','599807688',NULL,NULL,NULL,'',NULL,NULL),(136,'рЃюрЃўрЃЎрЃљ','рЃќрЃЋрЃўрЃљрЃЊрЃљрЃФрЃћ','595078808',NULL,'Nika.zviadadze19@gmail.com',NULL,'',NULL,NULL),(137,'рЃџрЃБрЃЎрЃљ','рЃърЃљрЃърЃЮрЃўрЃљрЃюрЃў','557919130',NULL,'lpapoiani28@gmail.com',NULL,'',NULL,NULL),(138,'рЃарЃћрЃЋрЃљрЃќ','рЃАрЃЮрЃџрЃЮрЃдрЃљрЃерЃЋрЃўрЃџрЃў','599683874',NULL,'rezosologa@gmail.com',NULL,'',NULL,NULL),(139,'рЃњрЃўрЃЮрЃарЃњрЃў','рЃЏрЃГрЃћрЃЊрЃџрЃўрЃерЃЋрЃўрЃџрЃў','551170473',NULL,'mchedlishvili7717@gmail.com',NULL,'',NULL,NULL),(140,'рЃЉрЃћрЃЦрЃљ','рЃљрЃЉрЃБрЃџрЃљрЃерЃЋрЃўрЃџрЃў','555585847',NULL,'Beabull99@gmail.com',NULL,'',NULL,NULL),(141,'рЃЎрЃљрЃ«рЃљ','рЃгрЃБрЃарЃгрЃБрЃЏрЃўрЃљ','577624213',NULL,'kakha.tsurtsumia.1@iliauni.edu.ge',NULL,'',NULL,NULL),(142,'рЃАрЃљрЃюрЃЊрЃарЃЮ','рЃњрЃћрЃЌрЃўрЃљрЃерЃЋрЃўрЃџрЃў','599007146',NULL,'getiashvilisandro@gmail.com',NULL,'',NULL,NULL),(143,'рЃюрЃўрЃюрЃЮ','рЃЦрЃўрЃбрЃўрЃљрЃерЃЋрЃўрЃџрЃў','598771403',NULL,'nini.kitiashvili14@gmail.com',NULL,'',NULL,NULL),(144,'рЃЌрЃљрЃарЃљрЃе','рЃЊрЃЋрЃљрЃџрЃў','555400120',NULL,'tarashdvali33@gmail.com',NULL,'',NULL,NULL),(145,'рЃџрЃБрЃЎрЃљ','рЃАрЃўрЃџрЃљрЃњрЃљрЃФрЃћ','599626653',NULL,'lukasilagadze@gmail.com',NULL,'',NULL,NULL),(146,'рЃњрЃўрЃЮрЃарЃњрЃў','рЃњрЃљрЃЏрЃарЃћрЃЎрЃћрЃџрЃў','568442444',NULL,'giorgigamrekeli1997@gmail.com',NULL,'',NULL,NULL),(147,'рЃљрЃюрЃарЃў','рЃЉрЃљрЃарЃЊрЃљрЃЋрЃћрЃџрЃўрЃФрЃћ','598971277',NULL,'anri.bardavelidze1996@gmail.com',NULL,'',NULL,NULL),(148,'рЃљрЃюрЃљ','рЃерЃљрЃЦрЃљрЃарЃљрЃерЃЋрЃўрЃџрЃў','555900727',NULL,'anna14sh@gmail.com',NULL,'',NULL,NULL),(149,'рЃарЃљрЃбрЃў','рЃўрЃЏрЃюрЃљрЃФрЃћ','599270895',NULL,'ratiimnadze27@gmail.com',NULL,'',NULL,NULL),(150,'рЃљрЃЕрЃў','рЃўрЃюрЃљрЃАрЃљрЃарЃўрЃќрЃћ','514000985',NULL,'achiiinasaridze@gmail.com',NULL,'',NULL,NULL),(151,'рЃЉрЃћрЃЦрЃљ','рЃАрЃўрЃџрЃљрЃњрЃљрЃЋрЃљ','599803904',NULL,NULL,NULL,'',NULL,NULL),(152,'рЃерЃЮрЃЌрЃљ','рЃДрЃБрЃџрЃўрЃ»рЃљрЃюрЃўрЃерЃЋрЃўрЃџрЃў','599200179',NULL,'yulijanishvilis@gmail.com',NULL,'',NULL,NULL),(153,'рЃЏрЃљрЃарЃўрЃљрЃЏ','рЃ«рЃЏрЃљрЃџрЃљрЃФрЃћ','551191731',NULL,'mariamkhmaladzee@gmail.com',NULL,'',NULL,NULL),(154,'рЃЏрЃљрЃарЃў','рЃЎрЃБрЃърЃарЃљрЃерЃЋрЃўрЃџрЃў','598733318',NULL,'marykuprashvili@gmail.com',NULL,'',NULL,NULL),(155,'рЃџрЃћрЃЦрЃАрЃЮ','рЃЎрЃљрЃГрЃЎрЃљрЃГрЃўрЃерЃЋрЃўрЃџрЃў','598160675',NULL,'leqsokacho@gmail.com',NULL,'',NULL,NULL),(156,'рЃЏрЃљрЃарЃўрЃЎрЃљ','рЃљрЃЉрЃљрЃерЃўрЃФрЃћ','557971875',NULL,'m.abashidze@ssu.edu.ge',NULL,'',NULL,NULL),(157,'рЃАрЃЮрЃцрЃўрЃЮ','рЃюрЃўрЃюрЃЮрЃерЃЋрЃўрЃџрЃў','595590286',NULL,'sophoninoshvili94@gmail.com',NULL,'',NULL,NULL),(158,'рЃџрЃљрЃюрЃљ','рЃЮрЃАрЃљрЃФрЃћ','+393200331502',NULL,'lannaosadze@gmail.com',NULL,'',NULL,NULL),(159,'рЃЉрЃћрЃарЃЊрЃўрЃљ','рЃАрЃўрЃџрЃљрЃњрЃљрЃЋрЃљ','571061360',NULL,NULL,NULL,'',NULL,NULL),(160,'рЃњрЃўрЃЮрЃарЃњрЃў','рЃљрЃАрЃЎрЃўрЃџрЃљрЃерЃЋрЃўрЃџрЃў','599445488',NULL,'askilagiorgi@gmail.com',NULL,'',NULL,NULL),(161,'рЃљрЃџрЃћрЃЦрЃАрЃљрЃюрЃЊрЃарЃћ','рЃЏрЃЮрЃЋрЃџрЃўрЃџрЃўрЃерЃЋрЃўрЃџрЃў','571533433',NULL,'sandro.movlilishvili@gmail.com',NULL,'',NULL,NULL),(162,'рЃўрЃарЃљрЃЎрЃџрЃў','рЃЎрЃЮрЃарЃљрЃерЃЋрЃўрЃџрЃў','599700755',NULL,NULL,NULL,'',NULL,NULL),(163,'рЃњрЃўрЃњрЃљ','рЃарЃБрЃ«рЃљрЃўрЃљ','599697796',NULL,'gigi.gigi@post.com',NULL,'',NULL,NULL),(164,'рЃЊрЃљрЃЋрЃўрЃЌ','рЃЉрЃћрЃарЃўрЃбрЃљрЃерЃЋрЃўрЃџрЃў','593120692',NULL,NULL,NULL,'',NULL,NULL),(165,'рЃЌрЃљрЃЏрЃљрЃа','рЃюрЃљрЃГрЃДрЃћрЃЉрЃўрЃљ','555420642',NULL,'tamarnatchkebia2@gmail.com',NULL,'',NULL,NULL),(166,'рЃњрЃўрЃЮрЃарЃњрЃў','рЃерЃЮрЃюрЃўрЃљ','571038257',NULL,NULL,NULL,'',NULL,NULL),(167,'рЃќрЃБрЃЎрЃљ','рЃЦрЃўрЃбрЃўрЃљрЃерЃЋрЃўрЃџрЃў','595516480',NULL,NULL,1,'',NULL,NULL),(168,'рЃњрЃўрЃЮрЃарЃњрЃў','рЃЏрЃљрЃЌрЃўрЃљрЃерЃЋрЃўрЃџрЃў','599804250',NULL,NULL,1,'',NULL,NULL),(169,'рЃўрЃарЃљрЃЎрЃџрЃў','рЃЋрЃљрЃЕрЃюрЃљрЃФрЃћ','568668371',NULL,NULL,NULL,'',NULL,NULL),(170,'рЃЊрЃљрЃЌрЃЮ','рЃ»рЃўрЃюрЃГрЃљрЃарЃљрЃФрЃћ','574494708',NULL,'davitjincharadze0128@gmail.com',NULL,'',NULL,NULL),(171,'рЃљрЃЎрЃљ','рЃцрЃљрЃўрЃџрЃЮрЃФрЃћ','598677878',NULL,NULL,1,'',NULL,NULL),(172,'рЃЮрЃЌрЃЮ','рЃЏрЃћрЃ«рЃљрЃерЃўрЃерЃЋрЃўрЃџрЃў','598580081',NULL,NULL,NULL,'',NULL,NULL),(173,'рЃњрЃўрЃЮрЃарЃњрЃў','рЃЉрЃБрЃарЃЊрЃБрЃџрЃў','571991588',NULL,NULL,NULL,'',NULL,NULL),(174,'рЃџрЃўрЃџрЃћ','рЃЮрЃюрЃўрЃљрЃюрЃў','598096213','2596',NULL,NULL,'',NULL,NULL),(175,'рЃюрЃўрЃюрЃљ','рЃњрЃЮрЃњрЃљрЃФрЃћ','597003535',NULL,NULL,1,'',NULL,NULL),(236,'рЃњрЃўрЃЮрЃарЃњрЃў','рЃАрЃўрЃЏрЃЮрЃюрЃўрЃерЃЋрЃўрЃџрЃў','591083688',NULL,'simonishviligiorgi77@gmail.com',NULL,'',NULL,NULL),(237,'рЃњрЃарЃўрЃњрЃЮрЃџрЃўрЃљ','рЃАрЃљрЃЉрЃљ','557248067',NULL,'sabagrigolia12@gmail.com',NULL,'',NULL,NULL),(238,'рЃўрЃарЃљрЃЎрЃџрЃў','рЃћрЃЦрЃўрЃќрЃљрЃерЃЋрЃўрЃџрЃў','551456205',NULL,NULL,NULL,'555387016',NULL,17),(239,'рЃљрЃюрЃљрЃюрЃЮ','рЃ»рЃўрЃЦрЃБрЃарЃљрЃБрЃџрЃў','599199057',NULL,'jikuraulianano@gmail.com',NULL,'',NULL,NULL),(240,'рЃўрЃарЃљрЃЎрЃџрЃў','рЃЉрЃћрЃарЃўрЃФрЃћ','568902410',NULL,'ikabero2002@mail.ru',NULL,'',NULL,NULL),(241,'рЃЉрЃћрЃЦрЃљ','рЃ»рЃўрЃЦрЃБрЃарЃўрЃерЃЋрЃўрЃџрЃў','593160129',NULL,'jikurishvilib@gmail.com',NULL,'',NULL,NULL),(242,'рЃљрЃџрЃћрЃЦрЃАрЃљрЃюрЃЊрЃарЃћ','рЃЏрЃљрЃГрЃљрЃюрЃЎрЃљрЃџрЃљрЃФрЃћ','568717599',NULL,'sandromachankaladze@gmail.com',NULL,'',NULL,NULL),(243,'рЃЮрЃџрЃћрЃњ','рЃГрЃљрЃюрЃбрЃБрЃарЃўрЃљ','599575010',NULL,'chanturia.oleg_o@yahoo.com',NULL,'593607842',NULL,13),(245,'рЃЌрЃљрЃЎрЃЮ','рЃЊрЃЋрЃљрЃџрЃў','551040417',NULL,NULL,NULL,'574882220',NULL,14),(246,'рЃюрЃўрЃюрЃЮ','рЃЊрЃЋрЃљрЃџрЃў','551040416',NULL,NULL,NULL,'574882220',NULL,15),(247,'рЃЏрЃўрЃарЃљ','рЃЉрЃљрЃарЃЌрЃўрЃљ','599196005',NULL,NULL,NULL,'',NULL,NULL),(248,'рЃюрЃўрЃЎрЃЮрЃџрЃЮрЃќ','рЃГрЃарЃћрЃџрЃљрЃерЃЋрЃўрЃџрЃў','593593520',NULL,'nikatchrelashvili@gmail.com',NULL,'597229945',NULL,16),(249,'рЃћрЃЊрЃњрЃљрЃа','рЃЌрЃљрЃЏрЃљрЃќ рЃЮрЃдрЃџрЃў','577311883',NULL,'etamas906@gmail.com',NULL,'577108872',NULL,16),(250,'рЃърЃљрЃърЃБрЃюрЃљ','рЃърЃљрЃърЃљрЃерЃЋрЃўрЃџрЃў','595005870',NULL,NULL,NULL,'',NULL,NULL),(251,'рЃюрЃљрЃбрЃљрЃџрЃў','рЃЊрЃљрЃЊрЃЋрЃљрЃюрЃў','555402429',NULL,'likaibra@mail.ru',NULL,'555898383',NULL,16),(252,'рЃЉрЃЮрЃарЃўрЃА','рЃЎрЃљрЃ»рЃўрЃџрЃљрЃерЃЋрЃўрЃџрЃў','591547791',NULL,NULL,NULL,'551652597',NULL,16),(253,'рЃњрЃўрЃЮрЃарЃњрЃў','рЃдрЃљрЃЏрЃЉрЃљрЃерЃўрЃФрЃћ','591104354',NULL,'giorgi12232311233@gmail.com',NULL,'577049727',NULL,17),(254,'рЃАрЃљрЃџрЃЮрЃЏрЃћ','рЃфрЃћрЃарЃфрЃЋрЃљрЃФрЃћ','598230014',NULL,'cercvadzenatia.1981@gmail.com',NULL,'598317445',NULL,17),(255,'рЃюрЃљрЃЌрЃўрЃљ','рЃџрЃўрЃЦрЃЮрЃЎрЃћрЃџрЃў','557745102',NULL,'nliqokeli40@gmail.com',NULL,'555954481',NULL,17),(256,'рЃЊрЃљрЃЋрЃўрЃЌ','рЃ»рЃўрЃЉрЃџрЃљрЃФрЃћ','592162727',NULL,NULL,NULL,'599912092',NULL,17),(257,'рЃљрЃюрЃљрЃЏрЃљрЃарЃўрЃљ','рЃЦрЃўрЃюрЃФрЃЮрЃФрЃћ','574017476',NULL,'Anamariaqindzodze1234@gmail.com',NULL,'',NULL,NULL),(258,'рЃюрЃўрЃЎрЃљ','рЃЊрЃљрЃЏрЃћрЃюрЃўрЃљ','599057790',NULL,'damenianika9@gmail.com',NULL,'',NULL,NULL),(259,'рЃюрЃўрЃЎрЃљ','рЃърЃљрЃърЃўрЃФрЃћ','579605605',NULL,'nikapapidze15@gmail.com',NULL,'',NULL,NULL),(260,'рЃАрЃљрЃЉрЃљ','рЃДрЃљрЃцрЃџрЃљрЃюрЃўрЃерЃЋрЃўрЃџрЃў','591073667',NULL,'yaposaba@bk.ru',NULL,'',NULL,NULL),(261,'рЃЏрЃљрЃарЃўрЃљрЃЏ','рЃЏрЃћрЃбрЃарЃћрЃЋрЃћрЃџрЃў','555798336',NULL,'marikom269@gmail.com',NULL,'',NULL,NULL),(262,'рЃњрЃўрЃЮрЃарЃњрЃў','рЃАрЃљрЃдрЃљрЃарЃћрЃўрЃерЃЋрЃўрЃџрЃў','599332378',NULL,NULL,NULL,'',NULL,NULL),(263,'рЃЉрЃћрЃЦрЃљ','рЃЎрЃЋрЃљрЃарЃљрЃфрЃ«рЃћрЃџрЃўрЃљ','591011440',NULL,'kvracxelia9@gmail.com',NULL,'',NULL,NULL),(264,'рЃЏрЃљрЃарЃўрЃљрЃЏ','рЃърЃљрЃбрЃљрЃарЃўрЃФрЃћ','591696608',NULL,'mariepataridze98@gmail.com',NULL,'',NULL,NULL),(265,'рЃЊрЃљрЃЋрЃўрЃЌ','рЃњрЃБрЃњрЃћрЃерЃљрЃерЃЋрЃўрЃџрЃў','593658521',NULL,'davitgugeshashvili1995@gmail.com',NULL,'',NULL,NULL),(266,'рЃАрЃЮрЃцрЃЮ','рЃЉрЃћрЃюрЃљрЃерЃЋрЃўрЃџрЃў','557333852',NULL,'sopobenashvili@gmail.com',NULL,'',NULL,NULL),(267,'рЃЊрЃљрЃЌрЃЮ','рЃЕрЃ«рЃљрЃарЃбрЃўрЃерЃЋрЃўрЃџрЃў','592842255',NULL,'datachx@yahoo.com',NULL,'591977440',NULL,16),(268,'рЃюрЃўрЃюрЃЮ','рЃЋрЃћрЃџрЃўрЃљрЃерЃЋрЃўрЃџрЃў','574090317',NULL,NULL,NULL,'568879691',NULL,15),(269,'рЃњрЃЮрЃњрЃўрЃбрЃљ','рЃарЃўрЃЎрЃљрЃФрЃћ','555977974',NULL,'rikadzegogita7@gmail.com',NULL,'',NULL,NULL),(270,'рЃџрЃБрЃЎрЃљ','рЃерЃљрЃџрЃљрЃЏрЃЉрЃћрЃарЃўрЃФрЃћ','558641631',NULL,'lukashalamberidze210@gmail.com',NULL,'598848468',NULL,17),(271,'рЃЊрЃљрЃЌрЃЮ','рЃЦрЃўрЃЏрЃБрЃфрЃљрЃФрЃћ','568744808',NULL,'gigaqimu1983@gmail.com',NULL,'',NULL,NULL),(272,'рЃЋрЃљрЃЎрЃЮ','рЃерЃљрЃџрЃљрЃЏрЃЉрЃћрЃарЃўрЃФрЃћ','558515500',NULL,'vakoshala@gmail.com',NULL,'',NULL,NULL),(273,'рЃюрЃћрЃюрЃАрЃў','рЃАрЃљрЃарЃЊрЃљрЃарЃЮрЃЋрЃљ','577208308',NULL,NULL,NULL,'577208308',NULL,15),(274,'рЃюрЃљрЃЌрЃўрЃљ','рЃЎрЃљрЃџрЃљрЃюрЃЊрЃљрЃФрЃћ','+9720559201661',NULL,'2202kala@gmail.com',NULL,'',NULL,NULL),(275,'рЃљрЃюрЃў','рЃбрЃБрЃЎрЃЋрЃљрЃФрЃћ','577399700','2028','ani.tukvadze1314@gmail.com',NULL,'',NULL,NULL),(276,'рЃЌрЃљрЃЎрЃЮ','рЃДрЃБрЃцрЃБрЃюрЃўрЃљ','555538503',NULL,'yufunia123@icloud.com',NULL,'',NULL,NULL),(277,'рЃюрЃўрЃЎрЃљ','рЃ«рЃљрЃбрЃўрЃљрЃерЃЋрЃўрЃџрЃў','595670207',NULL,NULL,NULL,'599970207',NULL,16),(278,'рЃњрЃўрЃЮрЃарЃњрЃў','рЃњрЃўрЃњрЃљрЃерЃЋрЃўрЃџрЃў','598423313',NULL,'gigashviligioo@gmail.com',NULL,'',NULL,NULL),(279,'рЃљрЃџрЃћрЃЦрЃАрЃљрЃюрЃЊрЃарЃћ','рЃЏрЃўрЃЦрЃљрЃЉрЃћрЃарЃўрЃФрЃћ','599741060','8691','alekomikaberidzee@gmail.com',NULL,'',NULL,NULL),(280,'рЃќрЃБрЃЎрЃљ','рЃАрЃўрЃГрЃўрЃюрЃљрЃЋрЃљ','599657768',NULL,'sichinavazuka273@gmail.com',NULL,'',NULL,NULL),(281,'рЃЋрЃљрЃ«рЃЮ','рЃћрЃџрЃўрЃЮрЃќрЃўрЃерЃЋрЃўрЃџрЃў','579573535',NULL,'vaxoeliozishvili1996@gmail.com',NULL,'',NULL,NULL),(282,'рЃќрЃБрЃЎрЃљ','рЃЏрЃћрЃбрЃарЃћрЃЋрЃћрЃџрЃў','599008021',NULL,NULL,NULL,'593301117',NULL,14),(283,'рЃюрЃўрЃЎрЃљ','рЃЕрЃ«рЃљрЃўрЃФрЃћ','591558885',NULL,'nchkhaidze1@seu.edu.ge',NULL,'',NULL,NULL),(284,'рЃюрЃўрЃюрЃЮ','рЃњрЃЮрЃарЃњрЃљрЃФрЃћ','599805407',NULL,NULL,NULL,'',NULL,NULL),(285,'рЃЉрЃљрЃЊрЃарЃў','рЃерЃљрЃюрЃљрЃЋрЃљ','593550320',NULL,'badrishanava.84@gmail.com',NULL,'',NULL,NULL),(286,'рЃЊрЃљрЃЋрЃўрЃЌ','рЃЏрЃБрЃюрЃ»рЃўрЃерЃЋрЃўрЃџрЃў','571093532',NULL,'munjishvilidaviti03@gmail.com',NULL,'',NULL,NULL),(287,'рЃџрЃўрЃќрЃљ','рЃ»рЃЮрЃ»рЃБрЃљ','598000252',NULL,NULL,NULL,'',NULL,NULL),(288,'рЃџрЃўрЃќрЃљ','рЃЦрЃБрЃарЃфрЃўрЃЎрЃўрЃФрЃћ','591077277',NULL,'lxurcikidze123@gmail.com',NULL,'591077277',NULL,16),(289,'рЃњрЃўрЃњрЃў','рЃќрЃћрЃАрЃљрЃерЃЋрЃўрЃџрЃў','599501559',NULL,'zesagigi@gmail.com',NULL,'599111086',NULL,15),(290,'рЃерЃЮрЃЋрЃћрЃџрЃў','рЃ»рЃЮрЃ«рЃљрЃарЃўрЃФрЃћ','599214232',NULL,'joxaridzeshoveli5@gmail.com',NULL,'592129998',NULL,17),(291,'рЃюрЃўрЃЎрЃљ','рЃДрЃљрЃќрЃљрЃарЃљрЃерЃЋрЃўрЃџрЃў','598141709',NULL,'n.kazarashvili25@gmail.com',NULL,'',NULL,NULL),(292,'рЃћрЃџрЃћрЃюрЃћ','рЃњрЃћрЃџрЃћрЃюрЃўрЃФрЃћ','597742233',NULL,NULL,NULL,'',NULL,NULL),(293,'рЃерЃЮрЃЌрЃљ','рЃљрЃцрЃарЃўрЃљрЃЏрЃўрЃерЃЋрЃўрЃџрЃў','597302040',NULL,NULL,NULL,'',NULL,NULL),(294,'рЃЏрЃЮрЃюрЃўрЃЎрЃљ','рЃЎрЃЮрЃарЃЎрЃћрЃџрЃўрЃљ','599139314',NULL,NULL,NULL,'',NULL,NULL),(295,'рЃЏрЃљрЃарЃўрЃљрЃЏ','рЃЎрЃљрЃџрЃљрЃюрЃЊрЃљрЃФрЃћ','591910363',NULL,NULL,NULL,'',NULL,NULL),(296,'рЃюрЃўрЃЎрЃљ','рЃЎрЃљрЃарЃЉрЃљрЃўрЃљ','598598878',NULL,NULL,NULL,'',NULL,NULL),(297,'рЃњрЃўрЃЮрЃарЃњрЃў','рЃ«рЃљрЃарЃљрЃќрЃўрЃерЃЋрЃўрЃџрЃў','571802731','6107',NULL,NULL,'',NULL,NULL),(298,'рЃљрЃюрЃљ','рЃЮрЃќрЃљрЃерЃЋрЃўрЃџрЃў','574083656',NULL,NULL,NULL,'568388332',NULL,15),(299,'рЃџрЃћрЃЋрЃљрЃю','рЃцрЃБрЃбрЃЎрЃљрЃарЃљрЃФрЃћ','577082124',NULL,NULL,NULL,'',NULL,NULL),(300,'рЃюрЃўрЃюрЃЕрЃў','рЃАрЃБрЃЌрЃўрЃФрЃћ','514318822',NULL,NULL,NULL,'',NULL,NULL),(301,'рЃюрЃўрЃЎрЃљ','рЃЉрЃЮрЃџрЃЦрЃЋрЃљрЃФрЃћ','557669191',NULL,NULL,NULL,'',NULL,NULL),(302,'рЃюрЃўрЃюрЃў','рЃџрЃЮрЃЉрЃЪрЃљрЃюрЃўрЃФрЃћ','514004552',NULL,NULL,NULL,'',NULL,NULL),(303,'рЃерЃўрЃЮ','рЃўрЃљрЃЎрЃЮрЃЉрЃўрЃерЃЋрЃўрЃџрЃў','593497690',NULL,NULL,NULL,'',NULL,NULL),(304,'рЃџрЃБрЃЎрЃљ','рЃбрЃљрЃЉрЃўрЃФрЃћ','591115365',NULL,NULL,NULL,'',NULL,NULL),(305,'рЃАрЃЮрЃАрЃЮ','рЃЎрЃўрЃЎрЃюрЃљрЃФрЃћ','555740940',NULL,NULL,NULL,NULL,NULL,NULL),(306,'рЃЏрЃљрЃарЃўрЃљрЃЏ','рЃЦрЃБрЃЌрЃћрЃџрЃўрЃљ','557657436',NULL,NULL,NULL,NULL,NULL,NULL),(307,'рЃЌрЃљрЃЌрЃўрЃљ','рЃЏрЃљрЃЕрЃўрЃбрЃўрЃФрЃћ','577964294',NULL,NULL,NULL,NULL,NULL,NULL),(308,'рЃЏрЃљрЃарЃўрЃљрЃЏ','рЃюрЃўрЃЎрЃЮрЃџрЃљрЃўрЃерЃЋрЃўрЃџрЃў','555522399',NULL,NULL,NULL,NULL,NULL,NULL),(309,'рЃАрЃљрЃюрЃЊрЃарЃЮ','рЃърЃљрЃърЃљрЃерЃЋрЃўрЃџрЃў','595400079',NULL,NULL,1,NULL,NULL,NULL),(310,'рЃњрЃўрЃЮрЃарЃњрЃў','рЃцрЃљрЃўрЃџрЃЮрЃФрЃћ','599430710',NULL,NULL,NULL,NULL,NULL,NULL),(311,'рЃюрЃўрЃЎрЃЮрЃџрЃЮрЃќ','рЃЉрЃћрЃЦрЃљрЃБрЃарЃў','577559232',NULL,NULL,NULL,'577559232',NULL,13),(312,'рЃЏрЃљрЃарЃўрЃљрЃЏ','рЃЮрЃЎрЃБрЃ»рЃљрЃЋрЃљ','557777221',NULL,NULL,NULL,'593511567',NULL,16),(313,'рЃљрЃЕрЃў','рЃЎрЃљрЃГрЃљрЃарЃљрЃЋрЃљ','599022404',NULL,NULL,NULL,NULL,NULL,NULL);
/*!40000 ALTER TABLE `users` ENABLE KEYS */;
UNLOCK TABLES;

--
-- Table structure for table `users_homework_topics_topic`
--

DROP TABLE IF EXISTS `users_homework_topics_topic`;
/*!40101 SET @saved_cs_client     = @@character_set_client */;
/*!40101 SET character_set_client = utf8 */;
CREATE TABLE `users_homework_topics_topic` (
  `usersId` int(11) NOT NULL,
  `topicId` int(11) NOT NULL,
  PRIMARY KEY (`usersId`,`topicId`),
  KEY `IDX_a044e4c75ebebc529969882c38` (`usersId`),
  KEY `IDX_119214d3f5882573e29c62fd23` (`topicId`),
  CONSTRAINT `FK_119214d3f5882573e29c62fd239` FOREIGN KEY (`topicId`) REFERENCES `topic` (`id`) ON DELETE NO ACTION ON UPDATE NO ACTION,
  CONSTRAINT `FK_a044e4c75ebebc529969882c38f` FOREIGN KEY (`usersId`) REFERENCES `users` (`id`) ON DELETE CASCADE ON UPDATE CASCADE
) ENGINE=InnoDB DEFAULT CHARSET=utf8mb4 COLLATE=utf8mb4_general_ci;
/*!40101 SET character_set_client = @saved_cs_client */;

--
-- Dumping data for table `users_homework_topics_topic`
--

LOCK TABLES `users_homework_topics_topic` WRITE;
/*!40000 ALTER TABLE `users_homework_topics_topic` DISABLE KEYS */;
INSERT INTO `users_homework_topics_topic` VALUES (134,21),(138,1),(161,21),(252,21),(254,8),(254,9),(254,10),(254,19),(255,19),(271,8),(271,9),(271,10);
/*!40000 ALTER TABLE `users_homework_topics_topic` ENABLE KEYS */;
UNLOCK TABLES;
/*!40103 SET TIME_ZONE=@OLD_TIME_ZONE */;

/*!40101 SET SQL_MODE=@OLD_SQL_MODE */;
/*!40014 SET FOREIGN_KEY_CHECKS=@OLD_FOREIGN_KEY_CHECKS */;
/*!40014 SET UNIQUE_CHECKS=@OLD_UNIQUE_CHECKS */;
/*!40101 SET CHARACTER_SET_CLIENT=@OLD_CHARACTER_SET_CLIENT */;
/*!40101 SET CHARACTER_SET_RESULTS=@OLD_CHARACTER_SET_RESULTS */;
/*!40101 SET COLLATION_CONNECTION=@OLD_COLLATION_CONNECTION */;
/*!40111 SET SQL_NOTES=@OLD_SQL_NOTES */;

-- Dump completed on 2023-02-04 16:39:13
